Name,XboxAddict,Xbox Tavern,EGM,Pure Xbox,TheXboxHub,GameOver.gr,Generación Xbox,Vandal,TheSixthAxis,Windows Central,The Mako Reactor,CGMagazine,MondoXbox,SomosXbox,TrueAchievements,IGN Adria,Xbox Achievements,Jeuxvideo.com,Movies Games and Tech,Eurogamer Italy,XboxEra,GamersRD,But Why Tho?,Gaming Age,Hey Poor Player,Merlin'in Kazanı (Turkey),XGN,MGG Spain,Hardcore Gamer,GameByte,Xboxygen,COGconnected,LEVEL (Czech Republic),GamesHub,Trusted Reviews,GameGrin,VG247,BaziCenter,GameSkinny,Vgames,Impulsegamer,Areajugones,Stevivor,GamingBolt,Dexerto,TheGamer,GamesRadar+,IGN,Player 2,VGC,God is a Geek,Gamersky,Game Over Online,Hobby Consolas,Power Unlimited,Launcher (The Washington Post),Game Revolution,Everyeye.it,The Games Machine,Game Informer,PlaySense,Multiplayer.it,Press Start Australia,TrueGaming,IGN Italia,Atomix,SpazioGames,Malditos Nerds,Edge Magazine,Easy Allies,M3,Gamer.no,4Players.de,Post Arcade (National Post),Gfinity,Metro GameCentral,IGN Portugal,IGN Spain,MGG,Games.cz,Worth Playing,Meristation,Game Rant,GameMAG,Attack of the Fanboy,AusGamers,GAMINGbible,IGN France,Gameblog.fr,The Loadout,Screen Rant,Twinfinite,GameSpew,GameSpot,GamingTrend,JeuxActu,Carole Quintaine,Checkpoint Gaming,Comicbook.com,GamePro Germany,TierraGamer,Gamer.nl,Destructoid,New Game Network,GAMES.CH,GameCritics,Telegraph,NME,Digital Trends,VideoGamer,Guardian,ZTGD,GamesBeat,Inverse,Ars Technica,British GQ,Eurogamer,Kotaku,Polygon,The Verge,Video Chums,PC Games,CD-Action,3DJuegos,SECTOR.sk,Gamereactor UK,Digital Spy,Cubed3,Gamereactor Denmark,Digital Chumps,IGN Japan,The Sydney Morning Herald,Gamers' Temple,Het Nieuwsblad,DualShockers,PCMag,INVEN,Cultured Vultures,Finger Guns,Gaming Nexus,Forbes,GGRecon,Shacknews,LevelUp,The Enemy,Giant Bomb,The Escapist,WellPlayed,We Got This Covered,DarkStation,Critical Hit,Slant Magazine,RPG Fan,New York Daily News,Daily Star,Noisy Pixel,Game World Navigator Magazine,GRYOnline.pl,CNET,The A.V. Club,Vice,Eurogamer Germany,GameStar,The Jimquisition,Gamer Escape,USgamer,The Independent,IGN Brasil,Digitally Downloaded,KeenGamer,Washington Post,MMORPG.com,Oyungezer,Tech-Gaming,Gamepressure,XBLA Fans,Wccftech,Eurogamer Poland,Gamereactor Spain,App Trigger
elden-ring,100,100.0,100,100,100.0,100.0,100.0,100.0,100.0,100.0,95.0,95.0,92.0,91.0,90.0,90.0,90.0,90.0,90.0,,,,,,,,,,,,,,,,,,,,,,,,,,,,,,,,,,,,,,,,,,,,,,,,,,,,,,,,,,,,,,,,,,,,,,,,,,,,,,,,,,,,,,,,,,,,,,,,,,,,,,,,,,,,,,,,,,,,,,,,,,,,,,,,,,,,,,,,,,,,,,,,,,,,,,,,,,,,,,,,,
persona-5-royal,,,,100,100.0,90.0,94.0,,,90.0,,,,100.0,,,96.0,,,90.0,88,,,,,,,,,,,,,,,,,,,,,,,,,,,,,,,,,,,,,,,,,,,,,,,,,,,,,,,,,,,,,,,,,,,,,,,,,,,,,,,,,,,,,,,,,,,,,,,,,,,,,,,,,,,,,,,,,,,,,,,,,,,,,,,,,,,,,,,,,,,,,,,,,,,,,,,,,,,,,,,
the-witcher-3-wild-hunt---complete-edition,,,,...,90.0,,,,,,,95.0,,100.0,,,,95.0,,,95,90.0,90.0,,,,,,,,,,,,,,,,,,,,,,,,,,,,,,,,,,,,,,,,,,,,,,,,,,,,,,,,,,,,,,,,,,,,,,,,,,,,,,,,,,,,,,,,,,,,,,,,,,,,,,,,,,,,,,,,,,,,,,,,,,,,,,,,,,,,,,,,,,,,,,,,,,,,,,,,,,,,,
hades,,89.0,,90,100.0,,93.0,,,,,,90.0,95.0,100.0,,90.0,90.0,,90.0,,,100.0,100,100.0,94.0,90.0,90.0,90.0,90.0,...,,,,,,,,,,,,,,,,,,,,,,,,,,,,,,,,,,,,,,,,,,,,,,,,,,,,,,,,,,,,,,,,,,,,,,,,,,,,,,,,,,,,,,,,,,,,,,,,,,,,,,,,,,,,,,,,,,,,,,,,,,,,,,,,,,,,,,,,,,,,,,,,,,,,,
the-stanley-parable-ultra-deluxe,,100.0,,90,90.0,,,,,100.0,,,,91.0,,,,,,,90,,,,,,,,,,,90.0,,,,,,,,,,,,,,,,,,,,,,,,,,,,,,,,,,,,,,,,,,,,,,,,,,,,,,,,,,,,,,,,,,,,,,,,,,,,,,,,,,,,,,,,,,,,,,,,,,,,,,,,,,,,,,,,,,,,,,,,,,,,,,,,,,,,,,,,,,,,,,,,,,,,
forza-horizon-5,99,,80,80,100.0,100.0,100.0,92.0,90.0,100.0,,,100.0,98.0,100.0,,92.0,95.0,,90.0,,,100.0,100,90.0,92.0,,,,90.0,...,91.0,100.0,100,100.0,100.0,100,100.0,100.0,100.0,100.0,100.0,100,100.0,100.0,100.0,100.0,100,100.0,100.0,100.0,98.0,98.0,97.0,96.0,95.0,95.0,95.0,95.0,95.0,95.0,95.0,95,95.0,93.0,93.0,92.0,90.0,90.0,90.0,90.0,90.0,90.0,90.0,90.0,90,90.0,90.0,90.0,90.0,90.0,90.0,90.0,90.0,90.0,90.0,90,90.0,90.0,90.0,90.0,90.0,90.0,90.0,90.0,90.0,90.0,90.0,90,89.0,88.0,85.0,85.0,83.0,81.0,80.0,80.0,80.0,80.0,80.0,80.0,80.0,80.0,80.0,...,...,...,...,...,...,,,,,,,,,,,,,,,,,,,,,,,,,,,,,,,,,,,,,,,,,,,,,,,,,,,,,,,,,,,,
rogue-legacy-2,,,,90,90.0,,,,,,,,87.0,,,,,90.0,85.0,,95,,,91,,,,,,,...,90.0,,100,,,,,90.0,,,,,,95.0,,,,,,,,,90.0,,,,,,,,,,,,,,,,,,,,,,,,,,90.0,,,,,,,,,,,,,80.0,,,,,,,,,,,,,,,,,,,,,,,,,,,,92.0,90.0,,,,,,,,,,,,,,,,,,,,,,,,,,,,,,,,,,,,,,,,,,,,,,,,,,,,,,,,,,
persona-4-golden,,,,90,100.0,,90.0,,,,,,,91.0,,,90.0,,,,90,,,,,,,,,,,,,,,,,,,,,,,,,,,,,,,,,,,,,,,,,,,,,,,,,,,,,,,,,,,,,,,,90.0,,,,,,,,,,,,,,,,,,,,,,,80.0,,,,,,,,,,,,,,,,,,,,,,,,,,,,,,,,,,,,,,,,,,,,,,,,,,,,,,,,,,,,,,,,,,,,,,,,
microsoft-flight-simulator,,,,,80.0,,92.0,88.0,90.0,90.0,,,95.0,98.0,,,,,,90.0,,,,,90.0,,,,,,...,91.0,,,,,,,,,100.0,100.0,95,,,80.0,,,100.0,,90.0,,,91.0,88.0,,,88.0,91.0,,80.0,88.0,100,,90.0,,,,,,,,87.0,,,...,90.0,,,,80.0,,,90.0,,100.0,,,,,,,,90.0,90.0,,,,,85.0,86.0,,,,,,,,,,,,,,...,,...,,,...,,,80.0,...,,,,,,,,,,,,,,,,,,,,,,,,,,,,,,,,,,,,,,,,,,,,,,,,,,,,,,,,
hogwarts-legacy,,96.0,,90,90.0,,93.0,,,,,,95.0,92.0,90.0,,88.0,90.0,,,90,,,,,,,,,,...,,,,,,,,,,,,,,,,,90,,,,,,,,,,,,,,,,,,,,,,,,,,,,,,,,,,,,70.0,,91.0,,,,,90.0,,,,,,,,,,,,,,81.0,,,,,,,85.0,,,,,,,,,,,,,85.0,80.0,,,,,,,,,,,,,,,,,,,,,,,,,,,,,,,,,,,,,,,,,,,,,,,,,,,,,,
dead-space,93,90.0,,,90.0,,97.0,,90.0,100.0,,,90.0,,,,88.0,85.0,90.0,,100,,90.0,,,,,,,,...,,,,,,,,,,,,85,,100.0,,,,,80.0,,,,,,,,,,,,,90,,,,,,,,,80.0,,,,,,,,,,,,,,,,,,,,,,,,,,,,88.0,,90.0,,,90.0,,80.0,,,,,90.0,,,,,,,,,,,,,,,100.0,90.0,90.0,,,,,,,,,,,,,,,,,,,,,,,,,,,,,,,,,,,,,,,,,,,,,,,,,,,
deathloop,95,,,100,80.0,,92.0,,,,,,87.0,95.0,,,90.0,,,,93,80.0,,,90.0,,,,,,...,,,,,,,,,,,,,70.0,,,,,,,,,,,,,,,,,,90.0,,,,,,,,,,,,,,,,,,,,,,,,,,,,,,,,,,,,,,,,,,,,,,,,,,,,,,,,,,,,,,,,,,,,100.0,,,,,,,,,,,,,,,,,,,,,,,,,,,,,,,,,,,,,,,,,,,,,,,,,,
it-takes-two,,90.0,,90,100.0,100.0,90.0,86.0,80.0,70.0,,,90.0,,,,90.0,90.0,,90.0,,,,,,,,90.0,90.0,,,,,,,,100,100.0,80.0,,,,85,,,,,90,,,100.0,,,88.0,,,,,,93.0,,,,85.0,,,,,,,,,,,100.0,,,,,,,,,,,75.0,80,100.0,,,,,,90.0,,,,,,,85.0,,,,,,,,,,80.0,,,,,,...,,...,,,,,...,,,,,,,90.0,80.0,,,,,,,,,,,,,,,,,,,,,,,,,,,,,,,,,,,,,,,,,,,,,,,,
tony-hawks-pro-skater-1-+-2,93,,,80,90.0,,,,,,,,,,,,,,,,,,,,,,,,,,,,,,,,,,,,,,,,,,,,91.0,,,,,,,,,,,,,,,,,,,,,,,,,,,,,,,,,,,,90.0,,,,,,,,,90.0,,,,,,,81.0,,,,,,,,,,,,,,,,,,,,,,,,,,,,,,,,95.0,,,,,,,,,,,,,,,,,,,,,,,,,,,,,,,,,,,,,,,,,,,,,,,
tetris-effect-connected,,,,,90.0,,78.0,86.0,100.0,,,,90.0,,,,,85.0,,,,,,,,,,89.0,,,,,,,,,,,,,80.0,,85,90.0,,,,,,100.0,,,,,,,,85.0,,,,90.0,,,90.0,,,,,,,,80.0,85.0,,90,,,,,85.0,,,,,,,,,,,,,90.0,,80.0,,,,,,,,81.0,,,,,,,,,,,,,,,,,,,,,,,,90.0,,,,,,100.0,95.0,90.0,,,,,,,,,,,,,,,,,,,,,,,,,,,,,,,,,,,,,,,,,,,,
immortality,,,80,100,80.0,,90.0,,,100.0,,,,,,,,85.0,,,100,,,,,,,,,,,,,,,,,,,,,,,,,,,,,,,,,,,,,,,,,,95,,,,,,,,,,,,,90,,,,,,,60.0,,,,,,,,90.0,,,,,,,,,,,,,,,,80.0,100.0,,,,,,,,,,,,,,,,,,,,,,,,,,,,,91.0,,,,,,,,,,,,,,,,,,,,,,,,,,,,,,,,,,,,,,,,,,,
f1-2021,,93.0,,,100.0,,90.0,,,,,,85.0,93.0,,,90.0,80.0,,,,,,,,,,,,,...,92.0,,,,,,,,,,,,90.0,,,,80,,,,,,,,,,,,,,,,,,,,,,,,,,,90.0,,,,,,,,,,,,,,,,,,,,,,,,,,85.0,,,,,,,,,,,,,,,,,,...,,,,,,,,,80.0,,,,,,,,,,90.0,90.0,,,,,,,,,,,,,,,,,,,,,,,,,,,,,,,,,,,,,,,,,
hi-fi-rush,96,,,90,100.0,,96.0,90.0,90.0,90.0,,95.0,90.0,92.0,,,90.0,85.0,,,95,90.0,85.0,,,,,,100.0,,,,,...,,,,90.0,90.0,,,,,90.0,,,80.0,,,80.0,95.0,,,90.0,,,,90.0,,,,85.0,,,86.0,90.0,90.0,,70.0,,,,,,,80,,90.0,95.0,,,90.0,,90.0,,,,70.0,,90.0,80.0,,,90.0,,,,,,,,,70.0,80.0,,,,,90.0,,80.0,,,,,,...,...,...,,,,90.0,...,85.0,90.0,,,,85.0,100.0,,,,,,,,,95.0,95.0,90.0,90.0,90.0,80.0,...,...,,,,,,,,,,,,,,,,,,,,,,,,,,,,,,,,,
return-to-monkey-island,95,90.0,,,80.0,,90.0,,,,,,,,,,90.0,,,,87,80.0,,,,,,,,,...,,,,,,,,,,,,,,,,,,,,,,,,,,,,,,,,,,,,,,,,,,,,,,,,,,,,,,,,,,,,,,,,,,,,,,,,,,,,,,,,,,,,,,,,,,,,,,,,,,,,,,,,,,,,,,,,,,,,,,,,,,,,,,,,,,,,,,,,,,,,,,,,,,,,,
atari-50-the-anniversary-celebration,,,,,80.0,90.0,80.0,,,,,,,,,,,,80.0,,,,,,80.0,,,,,,,,,,,,,,,,,,,,,,,,,,,,,,,,,,,,,,,,85.0,,,,,,,,,,,,,,,,,,,,,,,,,,,,,,,,,,,,,,,,,,,,,,,100.0,,,,,,,,,,,,,90.0,,,,,,,,,,,,,,100.0,,,,,,,,,,,,,,,,,,,,,,,,,,,,,,,,,,,,,,,,,
psychonauts-2,97,88.0,80,100,90.0,,92.0,85.0,90.0,90.0,,,85.0,100.0,90.0,,85.0,85.0,,80.0,,,,,90.0,,,,90.0,,...,93.0,,,,,,90.0,90.0,85.0,,,90,90.0,,90.0,90.0,,,80.0,95.0,,,90.0,83.0,95.0,,85.0,,90.0,,,80,,,94.0,83.0,,80.0,95.0,60.0,80.0,86.0,,90.0,80,,,,100.0,90.0,,90.0,90.0,90.0,,,70.0,80.0,90.0,,90.0,80.0,90.0,,,,,90,,95.0,85.0,,,91.0,,80.0,,80.0,80.0,100.0,90.0,80.0,90.0,...,,...,...,...,,,,,,,,,,,,,,,,,80.0,,,,,,,,,,,,100.0,70.0,,,,,,,,,,,,,,,,,,,,,,,,,,,,,,,
hitman-3,,,100,90,90.0,,90.0,,,80.0,,90.0,80.0,95.0,90.0,,80.0,,,,,,,,,,,,70.0,,,92.0,,,,75.0,,,90.0,90.0,86.0,,,90.0,,,,90,,,85.0,,,,,,,,,,,,85,,,85.0,,,,90.0,,,,,,,90.0,,,,,,90.0,,,,,,,,,80.0,,,,,,,,82.0,,,,,,,80.0,,,,,,,,,,,,,,,,,,,,,90.0,,,,,,80.0,,,,90.0,,,95.0,,,,,,,,,90.0,85.0,,,,,,,,,,,,,,,,,,,,,,,,,,,,,
deaths-door,95,95.0,,,90.0,,90.0,,90.0,90.0,,90.0,85.0,95.0,,,90.0,80.0,,,,,,,,,,,,,,,,,,,,,,,86.0,,,80.0,,,,90,,,90.0,,,,,,,90.0,,,,,90,,,,84.0,,,,,,85.0,,,80,,,,,,80.0,,80.0,,95.0,,100.0,,,,,80.0,80.0,,,,,90,88.0,,,,,78.0,,,,,,,90.0,,,,,...,,...,,,,,,,,,,,,,,,,,,,,,,,,,,,,,,,,,,,,,,,,,,,,,,,,,,,,,,,,,,,,,
tales-of-arise,100,93.0,,,90.0,,95.0,,,,,,85.0,94.0,,,,85.0,,,,,,,,,,85.0,,,,,,,,,,,,,,,,,,,,,,,,,,,,,,90.0,,,,,,,,,,,,,80.0,70.0,87.0,,,,,,,,,,,,,88.0,,,,,,,,,,,,,,,88.0,,,,,,,,,,,,,,,,,,,,,,,,,,,,,,,,,,,,,,,,,,,,,,,,,,,70.0,,,,,,,,,,,,,,,,,,,,,,,,,,,,
persona-3-portable,,,,80,90.0,,90.0,,,,,95.0,,100.0,,,75.0,,,,80,,,,,,,,,,,,,,,,,,,,,,,,,,,,,,,,,,,,,,,,,,,,,,,,,,,,,,,,,,,,,,,,,,,,,,,,,,,,,,,,,,,,,,,80.0,,,,,,,,,,,,,,,,,,,,,,,,,,,,,,,,,,,,,,,,,,,,,90.0,,,,,,,,,,,,,,,,,,,,,,,,,,,
halo-infinite,95,93.0,80,90,80.0,90.0,99.0,88.0,90.0,100.0,,90.0,90.0,98.0,80.0,,90.0,80.0,,90.0,,,95.0,,90.0,85.0,85.0,92.0,,,...,,,80,80.0,95.0,100,95.0,,85.0,96.0,92.0,95,90.0,90.0,90.0,90.0,90,91.0,80.0,90.0,90.0,,90.0,90.0,95.0,,85.0,,93.0,70.0,85.0,90,85.0,80.0,90.0,90.0,85.0,80.0,,90.0,80.0,83.0,85.0,80.0,80,80.0,90.0,,,,90.0,,80.0,,80.0,70,80.0,80.0,,70.0,80.0,80.0,90.0,,80.0,80.0,,90,87.0,89.0,90.0,90.0,74.0,85.0,,80.0,,80.0,80.0,80.0,,100.0,100.0,...,...,...,...,...,...,,,,...,,,,90.0,,,,,,,90.0,,,,,,75.0,,90.0,,,80,,80.0,,,,,,100.0,100.0,90.0,85.0,80.0,...,...,...,,,,,,,,,,,,,,,,,,,
monster-hunter-rise,,,,80,80.0,,92.0,,,,,,,91.0,80.0,,91.0,,,,90,,90.0,,,,,,,,...,,,,,,,,,,,,,,,,,,,,,,,,,,,,,,,,,,,,,,,,,,,,,,,,,,,,,,,,,,,,,,,,,,,,,,,,,,,80.0,,,,,,90.0,,,,,,,,,,,,,,,,,,,,,80.0,,,,,,,,,,,,,,,,,,,,92.0,,,,,,,,,90.0,,,,,,,,,,,,,,,,,,
age-of-empires-ii-definitive-edition,,,,90,80.0,,92.0,,,90.0,,80.0,,90.0,,,,,,,,,,,,,,,,,,,,,,,,,,,,80.0,,,,,,,91.0,,,84.0,,87.0,,,,,,,,85.0,,,,,,,,,,,,,,,,,,,,,,,,,,,,,,,,,,,,,,,,,,,85.0,,,,,,,,,,,,,,,,,,,...,90.0,,,,,,,,,,80.0,,,,,,,,,,,,,,,,,,,,,,,,,,,90.0,85.0,,,,,,,,,,,,,,,,,
the-forgotten-city,90,85.0,,80,,,,,,80.0,,,75.0,85.0,,,,,,,,,,,,,,,,,,,,,,,,,,,,,,,,90.0,,,,,,,,,,,,,,,,,,,,,,,,,,,,,,90,,,,,,,,,,,,,,,,,,90.0,,,,,,,,80.0,,,,,,,,,,,,,,,...,,,,,,,,,,,,,,,,,,,,,,,,,,,,,,,,,,,,90.0,,,,,,,,,,,,,,,,,,,,,,,,,,,
tinykin,85,98.0,,,90.0,,,,,,,,,,,,,85.0,,,,,,,,,,,,,,,,,,,,,,,,,,,,,,,,,,,,,,,,,,,,,,,,,,,,,,,,,,,,,,,,,,80.0,,,,,80.0,,,,,,,,,,,,,,,,,,,,,,,,,,,,,,,,,,,,,,,,,,,,,,,,,,,,,,90.0,,,,,,,,,,,,,,,,,,,,,,,,,,,,,,,,,,,,,
pentiment,100,,100,90,100.0,,95.0,,,100.0,,95.0,83.0,100.0,90.0,,80.0,75.0,,,87,80.0,100.0,,100.0,,75.0,,80.0,,...,82.0,,,,,100,,,,,,80,,100.0,,,,83.0,80.0,90.0,,,73.0,90.0,90.0,,,,,85.0,,,,88.0,,81.0,,,,,100.0,86.0,,,80,80.0,80.0,,,,,,,90.0,92.0,,90.0,,,100.0,,70.0,60.0,90.0,80.0,,90.0,,85.0,,,,84.0,80.0,,,80.0,,,,70.0,,,,,...,...,,,,,,,,,,,,,,,,,,,,,,88.0,,,80.0,,,...,,100.0,,,,60.0,,,,90.0,,,,,,,,,,,,,,,,,,,,,,,,
olliolli-world,95,,,90,90.0,80.0,84.0,,,,,80.0,84.0,,90.0,,88.0,80.0,80.0,,,,85.0,,,,,,90.0,,...,88.0,,,,,,,,,,,90,,,,,,,,,,,,,,,,,,,,80,,,,,,,,,,,,,,,,,,,,80.0,,,,,,,,,,,,,,,,,,,,,,85.0,,,,,,,,,,,,,,,,,,,,80.0,,,90.0,,,,,,,,,,,,,,,,,,,,,,,,,,,,,,,,,,,,,,,,,,,,,,,,,,,,
judgment,,,,90,90.0,,82.0,,,80.0,,85.0,,90.0,,,80.0,85.0,,,,,,,,,,,,,,,,,,,,85.0,,,,,,,,,,,91.0,,80.0,,,,,,,,,,,,,,,,,,,,,,,,,,,,,,,,,,,,,,,,,,,,,,,,,,,,,,88.0,,,,,,,80.0,,,,,,,,,,,,,,,,90.0,,,,,,,,,,,,,,,,,,,,,,,,,,,,,,,,,,,,,,,,,,,,,,,,,,,,
citizen-sleeper,80,,,80,80.0,,,,,,,,,,,,,,,,,,,,,,,,,,,,,,,,,,,,,,,,,,,,,,,,,,,,,,,90.0,,,90,,,,,,,,,,,,,,,,,,,,,,,,,,,,,,,,,,,,,,,85.0,,,,100.0,,,,,80.0,,,,,,,,,,,,,,,,,,,,,,,,,,,,,,,,,,,,,,,,,80.0,,,,,,,,,,,,,,,,,,,,,,,,,,,,
forza-horizon-5-hot-wheels,,,,80,90.0,,85.0,,80.0,,,,,95.0,,,,,,80.0,95,,100.0,,,,,,,,...,91.0,,,,,,80.0,,,,,,90.0,,,,80,,,,87.0,,,,,,,,,,,,,,80.0,,80.0,,,,,,,,,,,,,,,,,,,,,,,80.0,,80.0,,,,,,,,,,,,,,,,,,,,,,,,,,,,84.0,,,,85.0,,,,,,,,,,,,,,,,,,,,,,,,,,,,,,,,,,,,,,,,,,,,,,,,,,,,,,,
a-plague-tale-requiem,98,96.0,100,90,100.0,,98.0,,,90.0,,,80.0,95.0,80.0,,80.0,90.0,90.0,,70,85.0,,,90.0,,,,,,...,,,80,,,,,,,98.0,,,,,,,80,100.0,,,,,,,,,,,,,88.0,,,92.0,,,,,,,,,,,,,60.0,,,,75.0,,,,70.0,,80.0,,,,,,,,,,85.0,90,,,85.0,,78.0,88.0,,,,70.0,,,80.0,,,,,,,,,,,,,,,,,,,,,,,,,,85.0,,,,,,,,,,,,,,,,,,,,,,,,,,75.0,,,,,,,,,,,,,,,,
destiny-2-the-witch-queen,,,,,80.0,,90.0,,,90.0,,,,81.0,,,,,,90.0,,,,,,,,,,,,,,,,,,,,,,,,80.0,,,,80,,,,,,,,,,,,,,,,,,,,,,,,,,,,,,,,,,,,,,,,,,,,,,,,,,,,,,,,,,,,,,,,,,,,,,,,,,,90.0,,,,,,,,,,,,,,,,,,,,,,,,,,,,,,,,,,,,,,,,,,90.0,,,,,,,,,,,,,,,
tunic,,,,90,90.0,,90.0,,,,,90.0,90.0,,,,,85.0,,,70,,,,90.0,,,,,,,80.0,,,,,,,,90.0,,,,,,,,,,,,,,,90.0,,,,,,,,,,,93.0,,,,,,90.0,83.0,,,,,,,,,83.0,,60.0,,98.0,,,,,,,,,,,,,,,,,,,86.0,,,,,80.0,,,80.0,,,,,,,,,,,...,80.0,,,,,,,,,,,,,,,,,,,,,,,,,,,,,,,,,,,,,,,,,,,,,,,,,,,,,,,
devil-may-cry-5-special-edition,,,,,90.0,90.0,83.0,,90.0,,,70.0,,,,,,,,,,,,,,,80.0,,,,,,,,,,,,,,,,,,,,,,,,,,,,,,,90.0,,,,,,,,,,,,,,,80.0,,,,,,,,,,,,,,,,,,,,,,,,,,,,,,,,,,,,,,,80.0,,,,,,,,,,,,,,,,,,,,,,,90.0,,,,,,,,,,,,,,,,,,,,,90.0,,,,,,,,,,,,,,,,,,,,,,,,
planet-coaster-console-edition,,,,,80.0,,,,,,,,80.0,,,,,80.0,,,,,,,,,,,,,,,,,,,,,,,,,,,,,,,,,,,,,,,,,,,,,,,,,,,,,,,,,,,,,,,,,,,,,,,,,,,90.0,,90.0,,,,,,,,,,,,,,,,,,,,,,,,,,,,,,,,,,,90.0,,,,,,,,,,,,,,,,,,,,80.0,,,,,,,,,,,,,,,,,,,,,,,,,,,,,,
assassins-creed-valhalla,83,88.0,,90,100.0,50.0,95.0,80.0,,,,,,93.0,,,90.0,90.0,,80.0,,,,,,,86.0,85.0,80.0,,,,,,,,,,,,,,90,,,,90.0,80,100.0,,,,,89.0,,,,,,93.0,,,,85.0,,90.0,,,80.0,85.0,,,85.0,85.0,,,,90.0,80.0,,,,,,,98.0,,,80.0,,,,90.0,80.0,,85.0,85.0,,,65.0,,,,74.0,,,80.0,,80.0,,,80.0,,,,,...,,,,,,85.0,,,,,80.0,,,,88.0,,,,,,,,,,,,,,,90,,,,90.0,70.0,,,,,,,,,,,,,,70.0,,,,,,,,,,,,,,
two-point-campus,,,,90,90.0,,75.0,,,90.0,,80.0,,,,,,90.0,,,,,,,,,,,,,...,,,,,,,,,,,,,,,,,,,,,,,,82.0,,,,,,,,,,,,,,,,,,,,,,,,,,,,,,,,,,,,,,,,,,,,,,,,,,,,,,,,,,,,,,,,,,,,,,,,,,,,,,,,,,,,,,,,,,,,,,,,,,,,80.0,,,,,,,,,,,,80,,,,,,,,,,,,,
marvels-guardians-of-the-galaxy,,,,,90.0,90.0,85.0,78.0,,90.0,,70.0,85.0,91.0,,90.0,85.0,80.0,,,,,90.0,,80.0,,,,,,...,,,,,85.0,80,,,90.0,,,,,,,,,,,,,,,87.0,,,,88.0,85.0,,,,,,,70.0,,,,,,,,80.0,,,,,,,,80.0,,,90.0,80,,,,,,,,,,,,,,,,,,84.0,,,,,,,85.0,,,,,,,,,,,,,,,,,,,,,,,,,,,,,,,,,,,,,,,,,,,,,,,,...,,,,,,,,,,,,,,,,,,,,
tails-of-iron,82,81.0,,,100.0,,83.0,,,,,,,,80.0,,,75.0,,,,,,,,,,,,,,,,,,,,,,,,,,,,,,,,,,,,,,,,,,,,,,,,,,,,,,,,,,,,,,,,,,,,,,,,,,,,,,,,,,,,,,,,,,,,,,80.0,,,,,,,,,,,,,,,,,,,,,,,,,,,90.0,,,,,,,,,,,,,,,,,,,,,,,,,,,,,,,,,,,,,,,,,
life-is-strange-true-colors,85,,,,100.0,90.0,86.0,,,,,,85.0,90.0,80.0,,90.0,70.0,,,75,,85.0,,,,70.0,,80.0,,...,,,,,,,,,,,,,,,,,,,,,,,,77.0,,,,,,,,,,,,,,,,,,,,80.0,,90.0,,,,,,,,,,,,,,90.0,,,,,,,,,,,,,,,,,,,,,,,,,,,,,,,,,,,,,,,,,,,,,,,,,,,,,,,,,,,,,,,,,,,,,,,,,,,,,,,,,,,,,,,,,
yakuza-like-a-dragon,,,,,80.0,90.0,,,,,,,88.0,94.0,,,,80.0,,,,,,,,,80.0,,90.0,,,,,,,,,,,,,,,,,,,70,,,,,,,,,90.0,,,93.0,,,,,,90.0,,,80.0,85.0,60.0,,,75.0,,,,,85.0,,87.0,,,,,,,,90.0,,,,,90.0,95.0,,,,,,,,,69.0,,,,,,,,,,,,,,,,...,,,,,,,,90.0,,93.0,,,,,,,,,,,,,,,,,80,,,,75.0,,,,,,,,,,,,,,,,,,,,,,,,,,,,,
subnautica-below-zero,,,,,80.0,90.0,85.0,,,,,,78.0,,,,,80.0,,70.0,,,,,,,,,,,...,,,,,,,,80.0,,,,,80.0,,,,,,,,,,,,,,,,90.0,,,,,,,,,,,,,,,,,,,,,,,,,,,,,,,,,90.0,,,,,,,,,,,,85.0,,,,,,,80.0,,,,,,,,,,,,,,,,,,,,,,,,,,,,,,,,,,,,,,,,,,,,,,,,,,,,,,,,,,,,,,,,,,,,
crusader-kings-iii,,,,,90.0,,,,80.0,,,,,90.0,,,,85.0,,70.0,90,,,,,,,,,,...,,,,,,,,,,,,,,,,,,,,,,,,,,,85.0,,,,,,,,,,,,,,,,,,,,,,,,,,80.0,,,,,,80.0,,,,,,,,,,,,,,,,,,,,,,,,,,,,,,,,,,,,,,,,,,,,,,,,,,,,,,,,,,,,,,,,,,,,,,,,,,,,,,,,,,,,,,,,,,
resident-evil-village,,90.0,,70,100.0,90.0,90.0,,,,,,88.0,81.0,,,60.0,80.0,,,,,80.0,,,,,,,,...,,,,,,,,,,,,,,,,,,,,,,,,,,,,,,,,,,,,,,,,,,,,,,,,,,,,,,,,,,,,,,,90.0,,,,,,,,,,67.0,,,,,,,,90.0,,,,,,,,,,,,,,,,,,,,,,,,,,,,,,,,,,,,,,,,,,,,,,,,,,,,,,,,,,,,,,,,,,,,
crisis-core-final-fantasy-vii-reunion,,,,,90.0,,90.0,,,,,,,78.0,,,80.0,,,,,,90.0,,,,,,,,,,,,,,,,80.0,,,,,,,,,,,,,,,,,,,,,,,,,,,,,,,,,,,,,,,,,,,,,,,,,,,,,,,,,,,,,,,,,,,,,,,,,70.0,,,,,,,,,,,,,,,,,,,,,,,,,,,,,,,,,,,,,,,,,,,,,,,,,,,,,,,,,,,,,,,,,,,,
grounded,,,,,90.0,,85.0,80.0,,90.0,,80.0,85.0,85.0,,,,,,,,,80.0,,,,,,90.0,,,,,,,,,,,,,,,,,,70.0,90,,,,,,83.0,,,,,,,,83.0,,,87.0,85.0,75.0,,,,,,75.0,,,,,90.0,,,80.0,80.0,,,,80.0,,,,,90.0,80.0,,80.0,,,,,,,,,,,,,,,,,,,,,,,...,,,,,,80.0,...,,,,,,,,,,,,,80.0,,,,,,,80.0,,,,,,,,,,,,,,,,,,,,,,,,,,,,,,,,,,,,
gears-tactics,85,,,,,,,,80.0,,,,85.0,86.0,,,,,,,,,,,,,,,70.0,,,,,,,,,,,,100.0,,,,,,,,,,,,,,,,,,,,,82.0,70,,,,,,,,,,83.0,,,,,,,,,,,,,,,,,,80.0,,,80.0,90.0,,,,,83.0,,,,,,,,,,,,,,,,,,,,,,,,,,,,80.0,,,,,,,,,,,,,,,,,,,,,,80.0,,,,,,,,,,,,,,,,,,,,,,,,,,,,,,
knockout-city,,,,,90.0,,,,,,,,,80.0,,,,,,,,,80.0,,,,,75.0,80.0,,,,,,,,,,,,,,,,,,,,,,,,,,,,,,,,,,,,,,,,,,,,,,,,,,,,,,,,,,,,,,,,,,90.0,,,,,,,,80.0,,,,,,,,,,,,...,,,,,,,,,,,,,,,,,,,,,,,,,,,,,,,,,,,,,,,,,,,,,,,,,,,,,,,,,,,,,,,,,
lego-star-wars-the-skywalker-saga,,88.0,80,80,90.0,80.0,89.0,85.0,,80.0,,,85.0,85.0,90.0,,80.0,75.0,90.0,,90,,80.0,83,90.0,80.0,,,,80.0,...,,,,,,,85.0,70.0,95.0,,,,90.0,,,,80,,,,,,,73.0,,,,,80.0,,,,,,,86.0,,,,,,,,,,,,,,85.0,,80.0,70.0,,70.0,80,80.0,,,90.0,,,,95.0,,,,,,,80.0,75.0,,87.0,85.0,,,60.0,60.0,,90.0,,,,,...,...,,,,60.0,,,,,,90.0,,,,,,,85.0,,,,,,,,90.0,,100.0,,,,90.0,,,,,,,90.0,,,,,,,,,,,,80.0,,,,,,,,,,,,
teenage-mutant-ninja-turtles-the-cowabunga-collection,,,,80,90.0,,88.0,,,,,90.0,90.0,85.0,,,80.0,80.0,,,,,,,,,,,,,,,,,,100.0,,,,,,,,,,,,70,,80.0,,,,,,,,70.0,,,,,,,,,,,,,,,,,,,,,,,,,,,,,,,,,,,,,,,,,,,,,,,,,,,,,,,,,,,,,,,,,,,80.0,,,,,,,,,,,,,,,,,,,,,,,,,,,,,,,,,,,,,,,,,,,,,,,,,,,,,,,
mlb-the-show-21,,85.0,,80,,,88.0,,,,,,85.0,80.0,,,,80.0,,,,,,,,,,,,,,,,,,,,,,,,,,,,,,,,,,,,,,,,,,85.0,,,,,,,,,,,,,,,,,,,,,,,,,,,,,,,,,,70.0,,,,,,,,,,,,,,,,,,,,,,,,,,,,,,,,,,,,,,,,,,,,,,,,,,,,,,,,,,,,,,,,,,,,,,,,,,,,,,,,,,,,,,
motogp-22,80,82.0,,,100.0,,85.0,,,,,,,85.0,,,80.0,70.0,85.0,,,,,,,,,,,,...,,,,,,,,,,,,,,80.0,,,,,,,,,,,,,,,,,,,,,,,,,,,,,,,,,,,,,,,,,,,70.0,,,,,,,,,,,,,,,,,75.0,,,,,,,,,,,,,,,,,,,,,,,,,,,,,,,,,,,,,,,,,,,,,,,,,,,,,,,,,,,,,,,,,,,,,,,,,,,
dirt-5,81,,,,,,,,,,,,88.0,,,,92.0,,,,,,,,,,,,,,,,,,80.0,90.0,,,,70.0,86.0,,,,,,,80,,,,,,,88.0,,,,,85.0,,,,,,88.0,,,,,,,73.0,75.0,,,,,,,,80.0,,,,,,,,,,,,,,,,,,,,,80.0,,,,,,,,,,,,,,,,,,,,70.0,,,,,80.0,,,,,,,,,,,,,,,,,,,,,,,,,,,,,,,,,,,,,,,,,,,,,,,,,,,,
marvels-midnight-suns,,90.0,,90,90.0,,90.0,,,,,80.0,,85.0,,,80.0,,,,,,,,80.0,,,,,,...,,,,,,,,,,,,,,,,,,,,,,,,,,,,,,,,,,,,,,,,,,,,,,,,,,,,,,60.0,,,,,,,,,,,,,,,,,,,76.0,,,,,,,,80.0,,70.0,,,,,,,,,,,,,,,,,,,,,,80.0,,,,,,,,,,,,,,,,,,,,,,,,,,,,,,,,,,,,,,,,,,,,
f1-22,,85.0,,80,80.0,,78.0,,70.0,,,,85.0,90.0,,,85.0,80.0,,70.0,85,,,,,,,,,,...,,,,90.0,,,,80.0,,,,,,,,,80,,80.0,85.0,,,84.0,,,,,,,,,,75.0,,,,,,,,,,,,,,70.0,,,,,,,,,,,,,,80.0,,,,,,,,,80.0,,,,,,,,,,,,,,,,...,,...,,,,,,,,,,,,,,,,,,,,,,,,,88.0,,,,,,,,,,,,,,,,,,,,,,,,,,,,,,,,,,,,
chivalry-2,85,,60,,70.0,,85.0,,,,,80.0,,85.0,80.0,,,,,,,,,,,,,,,,,,,,,85.0,,,,,,,,,,,,90,,,,,,,,,,,,,,,,,,,,,,,,,,,,,,,,,,,,,,,,,,,,,,,,,,,,,,,,,70.0,,,,,,,,,,,,,,,,,,,,,,,,,,,,,,,,,80.0,,,,,,,,,,,,,,,,,,,,,,,,,,,,,,,,,,,,,,,,,,
blacktail,85,,,,80.0,,77.0,,,,,,,,90.0,,,,80.0,,83,,70.0,,,,,,,,...,,,,,,,,,,,,,,,,,,,,,,,,,,,,,,,,,,,,,,,,,,,,,,,,,,,,,,,,,,,,,,,,,,,,,,,,,,,,,,,,,,,,,,,,,,,,,,,,,,,,,,,,,,,,,,,,,,,,,,,,,,,,,,,,,,,,,,,,,,,,,,,,,,,,,
immortals-fenyx-rising,80,88.0,60,80,80.0,80.0,90.0,85.0,80.0,90.0,,,82.0,89.0,80.0,,85.0,75.0,,90.0,,,,100,,,87.0,,,,,,,,80.0,,80,,,,60.0,,75,70.0,,,,70,100.0,,,79.0,,91.0,90.0,,,,,90.0,,,90,,87.0,85.0,,,60.0,,,70.0,,80.0,,,,75.0,84.0,90.0,,,80.0,,,,,,,,,,,70.0,,,,,,87.0,,80.0,,,,,,,,,,95.0,80.0,,,,,,,,,,,90,,,,,,,,90.0,86.0,,,,,,,,,,,,,,90,90.0,,,90.0,40.0,,75.0,,,,,,,,,,,,,,,70.0,,,,,,,,,,,
mlb-the-show-22,90,,,80,90.0,,79.0,,,80.0,,,,88.0,,,,80.0,80.0,,85,,70.0,,70.0,,,,,,,,,,,,,,,,,,,,,,,,,,,,,,,,,,,,,75.0,,,,,,,,,,,,,,,,,,,,,,,,,,80.0,,,80.0,,,,,,,,,,,,,,,,,,,,,,,,,,,,,,,,,,80.0,,,,,,,,,,,,,,,,,,,,,,,,,,,,,,,,,,,,,,,,,,,,,,,,,,,,,,,
wrc-10-the-official-game,95,90.0,,,80.0,,90.0,,,,,,,86.0,,,,80.0,,70.0,,,,,,,,,,,,,,,,,,,,,,,,80.0,,,,80,,,,,,,,,,,,,80.0,,,,,,,,,,,,,,,,,,,,,,,,,,,,,,,,,,,,,,,,,,,,,,,,,,,75.0,,,,,...,,,,,,,,,,,,,,,,,,,,,,,,,,,,,,,,,,,,,,60.0,,,,,,,,,,,,,,,,,,,,,,,,,
alan-wake-remastered,,96.0,80,90,,,,,,80.0,,,83.0,90.0,,,80.0,80.0,,80.0,,,,,,,,,,75.0,,,,,,,80,75.0,80.0,75.0,,,100,,,,,,,,,,,,,,,,,,,,,,,,,,,,,,,,,,,,,,,,,,,,,,,,70.0,,,,,,,80.0,,,,,80.0,,87.0,,,,,,60.0,80.0,,,,,,,,,,,,,,,,,,,,,,,,,,80.0,,,,,,,,,,,,,,,,,,,,,,,,,,,,,,,,90.0,,,,,,,,,,
the-artful-escape,,,,80,90.0,,86.0,,80.0,,,,,84.0,80.0,,,75.0,,90.0,,,,,80.0,,,,80.0,,,88.0,,,,75.0,,70.0,80.0,,,,100,,80.0,90.0,,,,,95.0,,,,,,,85.0,83.0,85.0,,,85,,,80.0,,,70.0,,,,,,,,,,,,,,,70.0,,90.0,,,,,,,80.0,,,,,,,,,,,74.0,,90.0,,100.0,,50.0,80.0,,,,,,...,...,,,,,60.0,,,,,,,,,,,,,,,,,,,,,,,,,90.0,,,,,,,,,,,,,,,,,,,,,,,,,,,,,,,,
nba-2k23,93,65.0,,80,90.0,,85.0,,,70.0,,,90.0,86.0,,,82.0,90.0,,,80,,,,,,,,,,,,,,,,,,,,,,,,,,80.0,60,75.0,,,,,,,,,90.0,,,,80.0,80,,,85.0,,,,,,,,,,,,70.0,,,,,,,,,,90.0,,,,,,80.0,,,,,60,,,,,80.0,,90.0,,,,90.0,,75.0,,,,,,,...,,,,,,,,,,,,,,,,,,,,,,,,,80.0,,,,,,,,,,100.0,,,,,,,,,,,,,,,,,,,,,,,,,,
far-changing-tides,,79.0,,,90.0,,80.0,,,80.0,,80.0,,88.0,,,80.0,70.0,65.0,,80,,,,,,,,,,,,,,,,,,,,,,,,,80.0,,,,,,,,,,,,,,,,,,,80.0,,,,,,,,,,,,,,,,,,,80.0,,,,,,,80.0,,,,,,,,,,,80.0,,,,,,,,,,,,,,,,,,,,,,,,,,,,,,,,,,,,,,,,,,,,,,,,,,,,,,,,,,,,,,,,,,,,,85.0,,,,,,,,,
nba-2k21,86,,,80,80.0,70.0,,87.0,90.0,,,,87.0,82.0,,,,75.0,,,,,,,,,,,,,,,,,,,,,,,,,,,,,,70,91.0,,,,,87.0,,,,,,80.0,,83.0,,,,,,,,,,,,,,,,,,,,,,,80.0,,,,70.0,,,,80.0,,,,,,,,,,,,,,,,,,,80.0,,,,,,,,,,,75.0,,,,,,,,,,,,70.0,,,,,,90.0,,,,,,,,,,,,,100.0,,,,,,,,,,,,,,,,,,,,,,,,,,
diablo-ii-resurrected,,,,,80.0,,87.0,,,,,,88.0,,,,,,,,,,,,,,75.0,,,,...,,,,,,,,,,,,,80.0,,,,,,,80.0,,,,,,,,,,,,,,,,81.0,,,,60.0,,,,,,,,,,,,,,,,,,,,,,,,,,,,,,,,,,,,,,,,,90.0,,,,,,,,,,,,...,,,,,,,,,,,,,,,,,,,,,,,,,80.0,,,,,,,,,,,,,,,,,,,,,,,,,,,,,,,
thems-fightin-herds,77,,,,80.0,,,,,,,,,,,,,,75.0,,85,,80.0,,70.0,,,,,,,,,,,,,,,,,,,,,,,,,,,,,,,,,,,,,,,,,,,,,,,,,,,,,,,,75.0,,,,,,,,,,,,,,,,,,,,,,,,,,,,,,,85.0,,,,,,,,,,,,,,,,,,,,,,,,,,,,90.0,,,,,,,,,,,,,,,,,,,,,,,,,,,,,,,,,,,,,,,,
f1-manager-2022,,95.0,,70,70.0,,75.0,,,,,,,88.0,,,82.0,,90.0,70.0,,,,,,,,,,,,,,,,,,,,,,,,,,,,,,,,,,,,,,,,,,,,,,,,,,,,,,,,,,90.0,,,,,,,,,,,,,,,,,,,,,,,,65.0,,,,,,,,,,,,,,,,,,,,,,,,,,,,,,,,,,,,,,,,,,,,,,,,,,,,,,,,,,,,,,,,,80,,,,,,,,,,,,,
lost-judgment,,94.0,,90,80.0,,90.0,,70.0,80.0,,,87.0,93.0,,,80.0,,,,,,,,,,,,,,,,,,,,,,,,,,,90.0,,90.0,,70,,,,,,,,,,,,,,,,,,,,,70.0,,,,,,,,70.0,,,,,,,,,,...,,,,,,90.0,,,,,,,,,,,,81.0,,,,,,,,,,,,,,,,,,,,,,,60.0,,,,,,,,,,,,,,,,,,,,85.0,,,,,,,,,,,,,,,,,,,,,,,,,,,,,,,,
the-king-of-fighters-xv,80,91.0,,,80.0,,79.0,,,,,,,84.0,,,80.0,75.0,80.0,,,,,,,,80.0,,70.0,,...,,,,,,,,70.0,,,,,80.0,,,,,,,,,,,,,,,,,,,,,,,,,,,,,,,,,,,,,80.0,,,,,,,,,,,,,,,,,,,,,,,81.0,,,,,,,,75.0,,,,,,,,,,,,,,,,,,,,,86.0,,,,,80.0,,,,,,,,,,,,,,,,,,,,,,,,,,,,,,,,,,,,,,,,,,
far-cry-6,87,90.0,40,,80.0,,92.0,80.0,,70.0,,90.0,75.0,85.0,90.0,,55.0,80.0,,80.0,,,,100,,,,,,,...,,,,,,80,,60.0,,,,,90.0,,,,80,91.0,,,,,,76.0,,,,,90.0,,,85,,,85.0,,,,,60.0,,,,,,90.0,90.0,,,,,,,70.0,83.0,,,,,80.0,,,,,,,90.0,50,,82.0,,,78.0,82.0,,,,,,80.0,85.0,,,,,,...,,,,,70.0,,,,,70.0,,,,,,,85.0,,,,,,,,,,,,,,,,,,,75.0,,,,,,,,,,,,,,,,,,70.0,,,,,,,,
moonglow-bay,85,71.0,,,80.0,,77.0,,,,,,,,,,,,,70.0,,,85.0,91,,,,,,,,,,,,90.0,,,,,,,,,,,,,,,,,,,,,,,,,,74.0,,,,,,,,,,,,,,,,,,,,,,,,,,,,,,,,,,,,,,,,,,,,,,60.0,,,,,,,,,,,,,,,,,,,,,,,,,,,,,,,,,,,,,,,,90.0,,,,,,,,,,,,,,,,,,,,,,,,,,,,,,,,
evil-genius-2-world-domination,80,,,,80.0,,,,,,,,,,,,80.0,,,80.0,,,,,,,,,,,,76.0,,,,,,,,,,,,,,,,,,,,,,,,,,,,,,,,,,,,,,,,,,,,80,,,,,,,,,,,,,,,,,,,,,,,,,,,,,76.0,,,,,,,,,,,,,,,,,,,,,,,,,,,,,,,,,,,,,,,,,,,,,,,,,,,,,,,,,,,,,,,,,,,,,,,,,,,
metal-hellsinger,,,,90,70.0,,90.0,,,,,80.0,75.0,95.0,,,75.0,75.0,,,80,,,91,70.0,,,,,,...,,,,,,,,,,80.0,,,,,,,,,,,,,,,,,,,,,,,,,,,,,,,,,,,,,,,,,,,,,,,,,,,,,,,,,,,,,,,,,80.0,,,,,,75.0,,,,,,,,,,,,,,,,,,,,,,,,,,,,,,,,,,,,60.0,,,,,,,,,,,,,,,,,,,,,,,,,,,,,,,,
the-dark-pictures-anthology-the-devil-in-me,,91.0,,,70.0,,73.0,,,,,,83.0,75.0,,,72.0,70.0,80.0,,90,,,,,,,,,,...,,,,,,,,,,,,,,,,,,,,,,,,,,,,,,,,,,,,,,,,,,,,,,,,,,,,,,,,,,,,,,,,,,,,,,,,,,85.0,,,,,,,80.0,,,,,,,,,,,,,,,,,,,,,,,,,,,,,,,,,,,,,,,,,,,,,,,,,,,,,,,,,,,,,,,,,,,,
south-of-the-circle,,85.0,,,80.0,,78.0,,,,,,75.0,,,,,,80.0,,,70.0,,,,,,,,,,,,,,,,,,,,,,,,,,,,,,,,,,,,,,,,,,,,,,,,,,,,,,,,,,,,,,,,,,,,,,,,,,,,,,,,,,,,,,,,,,,,,,,,,,,,,,,80.0,,,,,,,,84.0,,,,,,,,,,,,,,,,,,,,,,,,,,,,,,,,,,,,,,,,,,,,,,,
klonoa-phantasy-reverie-series,,,,,80.0,,77.0,,,,,,,82.0,,,80.0,75.0,,,80,75.0,,,,,,,,,,,,,,,,,70.0,,,,,,,,,,,,,,,,,,,,,,,,,,,,,,,,,,,,,,,,,,,,,,,,,,,,,,,,,,,,,,,,,,,,,,,,,80.0,,,,,,,,,91.0,,,,,,,,,,,,,,,,,,,,,,,,,,,,,,,,,,,,,,,,,,,,,,,,,,,,,,,,,,,
riders-republic,,91.0,,90,80.0,80.0,83.0,,,,,,80.0,85.0,,80.0,80.0,75.0,,70.0,,,85.0,,,,,,,,...,,,,,,,,80.0,,,,,,,,80.0,80,,,,,,,,80.0,,,,,,,,,,,,,,,80.0,,,,80.0,,,,75.0,,,,,,70.0,,60,70.0,,,,,,,,,,80.0,,,,,,78.0,,,,,,,,,,,,,...,,,,,,,,,,,80.0,,,,,,,,,,,,,,,,,,,,,,,,,,,,,,,,,,,,,,,,,,,,,,,,,,,,
fifa-23,,,,80,80.0,,75.0,,,,,,90.0,84.0,,,77.0,80.0,,,86,,,,,,,,,,...,,,,,,,,,,,,,,80.0,,,,,80.0,,,,,,,,,,73.0,,,,,,82.0,80.0,,,,,,,,,,,,,,,,,,,,,,,,,,,,,,,,,,,,,,,65.0,,,,,,,,,,,...,,,,,,,,80.0,,,,,,,,,,,,,,,,,,,75.0,,,,,,,,,,,,,,,,,,,,,,,80,85.0,,,,,,,,,,,,
nobody-saves-the-world,,80.0,,80,90.0,,,,,100.0,,,,,80.0,,,75.0,,,,,80.0,,,,,,,,,,,,,,,,,85.0,,,,,,80.0,,,75.0,,,,,,,,,,,,,,,,80.0,,76.0,,,,,,,,,60,,70.0,,,,,70.0,,,85.0,,,,,,,80.0,90.0,,,,,,,,,,73.0,,,,,,,,,,,,,,,...,,,,,...,,,,,,,,,,,,,,,,,,,,,,,,90.0,,,,,85.0,,,,,,,,,,,,,,,,,,,,,,,,,,,
cris-tales,,75.0,,,90.0,,83.0,,,,,,80.0,84.0,,,,75.0,,,,,85.0,,,,75.0,,,,,,,,,,,,,,,,,,,,,70,,,,,,,,,,,,,,,,,,90.0,,,,,,,,,,,,,,,,,,,,,,,,,,,,,,,,,,,,,,,,,,,,,,,,,,,,,,,,,,,,,,,,,,,,,,,,,,,,,,,,,,,,,,,,,,,,,,,,,,,,,,,,,,,,,,,,,,
grand-theft-auto-v,,98.0,,,70.0,,83.0,,,,,90.0,,70.0,,,,90.0,,,,,,,,,,,,,,,,,,,,,,,82.0,,,,,,,,,,,,,,,,,,,,,,,,,,,,,,,,,,,,,,,,,,70.0,,,,,,,,,,,,85.0,,,,70,,,,,,,,,,,,,,,,,,,,,,,,,,60.0,,,,,,,,,,,,,,,,,,,,,,,,,,,,,,,,,,,,,,,,,,,,,,,,,,,,,,,
observer-system-redux,82,79.0,,,90.0,70.0,70.0,78.0,90.0,,,,82.0,70.0,,,,,,,,,,,,,,81.0,,,,,,,,,,70.0,60.0,,,,,70.0,,90.0,,80,,,95.0,,,,,,90.0,,85.0,,,,80,,,,,,,,,,62.0,,,,,,,,,,,60.0,,,,,,,80.0,,,,95.0,,,,,,,,,,,80.0,,,,,,80.0,,,,,,,,,,,,,,,,,,86.0,,,,,,,,,80.0,,,,,,,,,,,80.0,,,,,,80.0,,,,,,,,,,,,,,,,,,,,,,,,
lemnis-gate,,79.0,,,80.0,,80.0,,,,,,,,,,,80.0,,,,,,,60.0,,,,,,,,,,,,,,,,,,,,,,,,,,,,,,,,,,,,,,,,,,,,,,,,,,,,,,,,,,90.0,,,,,,,,80.0,,,,,,,,,,,,,,,,,,,,,,,,,,,,,,,,,,,,,,,,,,,,,,,,,,,,,,,,,,,,,,,,,,,,,,,,,,,,,,,,,,,,,,,,,
the-quarry,,,,,80.0,,82.0,,,,,80.0,80.0,84.0,,,80.0,,80.0,,85,,90.0,,,,80.0,,,,...,,,,,,,,,,,,,,,,,,,,,,,,,,,,,,,,,,,,,,,,,,,,,,60.0,,,,,,,,,,,,,,,,,,,,,,,,,,,,,,,,,,,80.0,,,,,,,,,,,,,,,,,,,,,85.0,,,,,,,,,,,,,,,,,,,50.0,,,,,,,,,,,,,,,,,,,,,,,,,,,,
road-96,89,,,90,80.0,,83.0,,,,,,80.0,85.0,,,,,80.0,,85,,,,70.0,,,,,,,,,,,,,,,,,,,,,,,,,,,,,,,,,,,,,,,,,,,,,,,,,,,,,,,,,,,,,,,,,,,,,60.0,,,,,,,,,,,77.0,,,,,,,,,,,,,,,,,,,,,,,,,,,,,,,,,,,,,,,,,,,,,,,,,,,,,,,,,,,,,,,,,,,,,,,,,,,
football-manager-2021,,85.0,,80,80.0,,83.0,,,,,,85.0,71.0,,,,,,,,,,,,,,,,,,,,,,,,,,,,,,,,,,,,,,,,,,,,,,,,,,,,,,,,,,,,,,,,,70.0,,,,,,,,,,,,,,,,,,,,,,,,,,,,,,,,,,,,,,,,,,,,,,,,,,,,,,,,,,,80.0,70.0,,,,,,,,,,,,,,,,,,,,,,,,,,,,,,,,,,,,,,,,,
fifa-22,,,,80,80.0,,88.0,,,70.0,,,87.0,85.0,80.0,,80.0,75.0,,,,,,,,,,,,,...,,,,,,,,,,,,,80.0,85.0,80.0,,,,80.0,,,,,,,,,,70.0,,80.0,,,,,84.0,,,,80.0,,,,,,,80.0,,,,,,,,90.0,70,,,,,,,,,,,,,,,50.0,,,,,,,,,,,,,,,,,,,,,,,,,,80.0,,,,,,,,,,,,,,,,,,,,,,,,,,,,,,,,,,,,,,,,,,,,,,,,,,,,
outriders-worldslayer,,,,,80.0,,83.0,,,,,80.0,,75.0,,,,80.0,,,80,,70.0,,,,,,,,,,,,,,,,,,,,,,,,,,,,,,,,,,,,,,,,,,,,,80.0,,,,,,,,,,,,,,,,,,,,,,,,,,,,,,,,,,,,,,,,,,,,75.0,,,,,,,,,,,,,,,,,,,,,,,,,,,,,,,,,,,,,,,,,,,,,,,,,,,,,,,,,,,,,,,,,,,,
goat-simulator-3,,,,,80.0,,65.0,,,,,,,,,,,,,,,,,,,,,,,,,,,,,,,,,,80.0,,,,,80.0,,,,,,,,,,,,,,,,,80,,82.0,,77.0,,,,,,,,,,,,,,,,,,,,,,,,,,,,,,,,,,,,,,,,,80.0,,,,,,,,,,,,,,,,,,,,,,,,,,,,,,,,,,,,,,,,,,,,,,,,,,,,,,,,,,,,,,,,,,,,,,,,
wwe-2k22,90,83.0,,80,90.0,,88.0,,,70.0,,75.0,80.0,88.0,,,80.0,75.0,80.0,,,,,,,,,,,,,,,,,,,,,,,,70,,,,,,,80.0,,,,,,,,,85.0,,,70.0,,,,,,,,,,,,,,80,,,,,,,70.0,,,,,70.0,,,,,,,,,,80.0,,,,,,71.0,,,,,70.0,,,70.0,,,,,,,,,,,,,,,,60.0,,,,,85.0,,,,,80.0,,,,,,80.0,,,,,,,,,,,,,,,,,,,,,,,,,,,,,,,,,,,,
haven,,93.0,,,80.0,,,,80.0,,,,80.0,,,,,75.0,,70.0,,,,91,,,,,,,,,,,,,,,,,72.0,,,80.0,,90.0,,,,,80.0,,,,,,,80.0,,78.0,,,,,,,,,,75.0,,,,,,,,,,,,,,,,,,,,,,,,,,,,,,,,,,,,,,,,,,,,,,,,,,,,,,,,,,,,,,,,,45.0,,,,,,,,,,,,,,,,,90.0,70.0,,,,,,,,,,,,,,,,,,,,,,,,,,,
chorus,75,86.0,,,90.0,,77.0,,,,,,,83.0,,,75.0,70.0,,80.0,,,,,60.0,,,,,,,,,,,,,,,,,,,,70.0,,,80,83.0,,,,,,,,,70.0,,,,,,,,,,,,,,,,,,,,,,,,,,,,,,,,,,,,,,,,80.0,,,,65.0,,69.0,86.0,,,,,,,100.0,,,,,...,,,,,,,,,,,,,,,,,,,,,,,,,,,,,,,,,,,,,,,,,,,,,,,,,,,,,,,,,,,,,,,
pga-tour-2k23,79,,,,70.0,,73.0,,,,,,75.0,89.0,,,,,,,,,,,,,,,,,,,,,,,,,,,,,85,70.0,,,,,,,,,,,,,,,,,,,,,,,,,,,,,,,,,,,,,,,,,,,,,,,,,,80.0,,,,,,,,,,,,,,,,,,,,,,,,,,,,,,,,,,,,,,,,,,,,,,,,,,,,,,,,,,,,,,,,,,,,,,,,,,,,,,,,,,,,,,
the-diofield-chronicle,,,,,80.0,,77.0,,,,,,,65.0,,,,75.0,,,78,,,,,,,,,,,,,,,,,,,,,,,,,,,,,,90.0,,,,,,,,,,,,,,,,,,,,,,,,,,,,,,,,,,,,,,,,,,80.0,,,,,,,,,,,,,,,,,,,,,,,,,,,,,,,,,,,,,,,,,,,,,,,,,,,,,,,,,,,,,,,,,,,,,,,,,,,,,,,,,,,,,,,
in-sound-mind,,86.0,,,80.0,,80.0,,,,,,76.0,,,,,,,70.0,,,,,,,,,,,,,,,,,,,,,,,,,,,,,,,,,,,,,,,,,,,,,70.0,,,,,,,,,,,,,,,,,,,,,,,,,,,,,,,,,,,,,,,,83.0,,,,,,,90.0,,,,,,,,,,,,,,,,,,,,,,,,,,,,,,,,,,,,65.0,,,,,,,,,,,,,,,,,,,,,,,,,,,,,,,,
wild-hearts,,,,70,80.0,,80.0,,,80.0,,85.0,83.0,81.0,,,80.0,80.0,,,85,,,...,,,,,,,...,,,,,,60,,,,,,,,,,,,,60.0,,,,,,,,,,80.0,,,,,,,,,,,,,,,60.0,,,,,,,,,,,,,,,,,,,,90.0,,,,,,,,,,79.0,,,,,,,90.0,,,,,,,,,84.0,,,,,,,,,,,,,,,,,,,,,90.0,,,,,,,,,,,84.0,,,,,,,,,80.0,,,,,,,,,,,75.0,,,,,,,
one-piece-odyssey,70,82.0,,,80.0,,85.0,,,,,,75.0,80.0,,,,70.0,,,,,,,,,,,,,...,,,,,,,,,,,,,,,,,,,,,,,,,,,,,,,,,,,,,,,,,,,,,80,,,,,,,,,,,,,,,,,,,,,,,,,,,,,,,,,,,,70.0,,,,,,,,,,,,,,,,,,,,,,80.0,,,,,,,,,,75.0,,,,,,,,,,,,,,,,,,,,,,,,,,,,,,,,,,,,
tiny-tinas-wonderlands,,,,80,90.0,,80.0,,,,,,75.0,74.0,70.0,,75.0,,80.0,,80,,,,90.0,,,,,,...,,,,,,,,,,,,,80.0,,,,,,,,,,,,,,,,,,,,,,,,,,,,60.0,,,,,,,,,,,,,,,,,,70.0,,,,,,,,,,,,,,,,,,,,,,80.0,,,,,,,,,,,,,,,,,,,,,,,,,,,,,,,,,,,,,,,,,,,,,,,,,,,,,,,,,,,,,,,,,,,,
like-a-dragon-ishin!,,,,80,80.0,,90.0,,,,,,,91.0,,,85.0,75.0,,,90,,,,,,,,,,...,,,,,,,,70.0,,,,,,,80.0,,,,,,,,,,,,,,,,,,,,,,,70.0,,80.0,80.0,,,70.0,,,,,,,,,,,,90,,,,,,,,,,,,,,,,,,,,,,70.0,,,,,,,,,,,,,,,,,60.0,,,,,,,,,,,,75.0,,,,,,,,,,,,,,,,,,,,,,,,,,,,,,,,,,,,83.0,,,,,,
call-of-duty-modern-warfare-ii,...,80.0,,80,80.0,,92.0,,,,,,85.0,90.0,,,75.0,,90.0,80.0,...,,,,,,,,,55.0,...,89.0,,,,,...,,,,,,...,,,,80.0,,,,,,,,,,,,,,,85.0,...,,,,,,,,,,,,,,,70.0,,,,,50.0,60.0,,,,,,,,,,,,,,85.0,...,,,,,,,,,,,,,80.0,,,,,...,,,,,,,,,,,,,,,,,,,,,,,,,,60.0,,,,,,,,,,,,,,,,,,,,,,,,...,,,,,,,,,,,,,
exo-one,80,,,,80.0,,,,,,,,,,,,,75.0,70.0,80.0,,,,,,,,,,,,,,80,,,,,,,,,,,,,,,,,,,,,,,,,,,,,,,73.0,,,,,,,,,,,,,,,,,,,,,,,,,,,,,,,,,,,,,,,,,,,,,,,,,,,,,,,,,,,,,,,,,,,,,,,,,,80.0,,,,,,,,,,,,,,,,,,,,,,,,,,,,,,,,,,,,,,,,,
spellforce-iii-reforced,78,,,,80.0,,82.0,,,,,,,,,,,,75.0,,80,,,,,,,,,,,,,,,,,,,,,,,,,,,,,,,,,,,,,,,,,,,,,,,,,,,,,,,,,,,,,,,80.0,,,,,,,,,,,,,,,,,,,,,65.0,,,,,,,,,,,,,,,,,,,,,,,,,,,,,,,,,,,,,,,,,,,,,,,,,,,,,,,,,,,,,,,,,,,,,,,,,,,
no-more-heroes-iii,60,90.0,,70,80.0,,77.0,,,,,80.0,,70.0,,,80.0,,80.0,,,,,75,,,,,,,,,,,,,,,,,,,,,,,,,,,,,,,,,,,,,,,95,,,,,,,,,,,,,,,,,,,,,,,,,,,,,,,,,,,,,,,,,,,65.0,,,,,,80.0,,,,,,,,,,,,,,,,,,,,,,,,,,,,,,,,,,,,,,,,,,,,,,,,,,,,,,,,,,,,,,,,,,,,
scarlet-nexus,,85.0,,70,90.0,70.0,90.0,,,70.0,,,85.0,88.0,,,75.0,75.0,,,,,90.0,91,,,,,,,,,,,,,,,,85.0,,,60,,,,,80,,,,,,,,,,,,,,,,,,,,,,,,70.0,,,,,,,,,,,60.0,,,,,,,,,,,70.0,,,,,,,75.0,,,,,,,,,,,,,,,,,,,,,,,,,,,,,,,,76.0,60.0,,,,,,,,,,,,,,80.0,,,,,,,,,,,,,,,,,,,,,,,,,,,,,,,,
need-for-speed-unbound,,,,,80.0,,85.0,,,70.0,,80.0,75.0,78.0,,,85.0,75.0,,,84,,,91,,,,,,,...,,,,,,,,70.0,,,,,,,,,70,,,,,,,,,,,,85.0,,,,,,,75.0,,,,,,,,,,,,,,,,50.0,,90.0,,,80.0,,,,,,,,,,,,,,,,72.0,75.0,,,,,,,,,,,,...,,,,,,,,55.0,,,,,,,,,,,,,,,,,,,85.0,,,,,,,,,,,,,,,,,,,,,,,,,,,,,80.0,,,,,,,
samurai-shodown-special-edition,82,85.0,,,80.0,,,,,,,,,,,,,,,,,,,,,,,,,,,,,,,,,,,,84.0,,,,,,,,67.0,,,,,,,,,,,,,,,,,,,,,,,,,,,,,,,70.0,,,,,,,,,,,80.0,,,,,,,,,,,,,,,,,,,,,,,,,,,,,,,,,,,,,70.0,,81.0,,,,,,,,,70.0,,,,,,,,,,,,,,,,,,,,,,,,,,,,,,,77.0,,,,,,,,,,
sniper-elite-5,85,78.0,,90,90.0,60.0,85.0,,,,,,,71.0,,,80.0,75.0,,,80,,,,,,75.0,,,,...,,,,,,,,,,,,85,,,,,70,,,,,,,,,,,,,,,,,,,,,70.0,,,,,,,,,,,,,75.0,,70.0,,,,,,70.0,,,,,,,,,80,82.0,,80.0,,,78.0,,,,,,,85.0,,,,,,,...,,,,,...,,,,,,,,,,,,,,80.0,,,,,,,,,,,,,,,,,,,,,,,,,,,,,80,,,,,,,,,,,,,
super-monkey-ball-banana-mania,,90.0,,70,90.0,60.0,88.0,80.0,,,,,,80.0,80.0,,80.0,60.0,,,,,60.0,,,,,,,,,,,,,,,,,,,,70,,,,,,,,,,,,,,,,,,,,,,,,,,,,,,,,,,,,,,,,,,,70.0,80,,,,,,,,,,,,,,,,,,,90.0,,,,,,,,,,,,,,,,,,,,,,,,,,,,,,,,80.0,,,,,,,,,,,,,,,,,,,,,,,,,,,,,,,,,,,,,,,,,,
soul-hackers-2,,,,,80.0,,88.0,,,80.0,,,,93.0,,,,70.0,,,73,,,,,,,,,,,,,,,,,,,,,,,,,,,70,,,,,,,,70.0,,,,,,,,,,,,,,,,,,,,,,,,,,,,,,,,,,,,,,,,,,,,,,,,,,,,,,,,,,,,,,,,,,,,,,,,,,,,,,,,,,,,,,,,,,,,,,,,,,80.0,,,,,,,,,,,,,,,,,,,,,,,,,,
dying-light-2-stay-human,82,98.0,60,50,80.0,80.0,88.0,70.0,,80.0,,,78.0,66.0,80.0,,86.0,85.0,80.0,80.0,,,,,90.0,,,,,,...,,,,,,,,80.0,,,,60,,,,,70,91.0,,,,,,,,,,,95.0,,,,,,,,,,,,,,,70.0,,70.0,,,,,,50.0,,,80.0,,,,,70.0,,90.0,60.0,,,,,,,,,,,86.0,75.0,,,,,,65.0,,,,,...,,,,,,,,,,,,,,,,80.0,,,,,,,,,,,85.0,,,,,,,,90.0,,60.0,,,,,,,,,,,,,,75.0,,,80.0,70.0,,,,,,,,
as-dusk-falls,,100.0,80,90,90.0,,82.0,,90.0,80.0,,90.0,85.0,80.0,80.0,,80.0,75.0,,,75,90.0,,,,,85.0,,,70.0,...,90.0,,80,,,,70.0,90.0,,100.0,,70,,85.0,,80.0,,83.0,40.0,85.0,,,,62.0,,,77.0,72.0,88.0,80.0,75.0,80,,78.0,80.0,80.0,60.0,60.0,,,80.0,85.0,70.0,70.0,70,,,,60.0,80.0,85.0,40.0,,,65.0,50,60.0,70.0,90.0,,60.0,70.0,90.0,,65.0,,80.0,,,79.0,,,,,,,80.0,70.0,,80.0,,60.0,70.0,,,...,,...,...,,,80.0,...,80.0,,,,,,,,,,,,85.0,,,88.0,,,80.0,85.0,,,,80.0,,,,,,,,,,,,,,,,,,,,90.0,,,,,,,85.0,,,,,
motogp-21,,,,,90.0,,85.0,,,,,,75.0,75.0,,,,65.0,,,,,90.0,,,,,68.0,,,...,,,,,,,,,,,,,,,,,70,,,,,,,,,,,,,,,,,,,,,,,,,,,,80,,,,,,,,,,,,80.0,,,,,,,,,,70.0,,,,,,,,,,,,,,,,,,,,,,,,,,,,,,,,,,,,,,,,,,,,,,,,,,,,,,,,,,,,,,,,,,,,,,,,,,,,,,,,,,
call-of-duty-black-ops-cold-war,86,93.0,,70,80.0,,,,70.0,,,,82.0,85.0,,,,65.0,,,,,,,,,,82.0,,,,,,,,,,,,,,,85,,,,,,83.0,,,,70.0,,,,,,,,,,80,,,,82.0,,,,60.0,,80.0,,,,,,,,,,60.0,,,94.0,,,,,,,80.0,,,,,,,,,,,,,,,,,,60.0,,,,,,,,,,,,,,,,,,,,,,,,,,,,,,,,,,,,,70.0,,,,,,,,,,,,,,,,,,,,,,,,,,,,,,,,
shadow-warrior-3,83,80.0,,,90.0,,77.0,,,,,,,68.0,,,75.0,,,,65,,,,,,,,,,,,,,,,,,,,,,,,,,,,,,,,,,,,,,,,,,,,,,,,,,,,,,,,,,,,,,,,,,,,,,,,,,,,,,,,,,,,,,,,,,,70.0,,,,,,,,,,,,,,,,,,,,,,,,,,,,,,,,,,,,,,,,,,,,,,,,,,,,,,,,,,,,,,,,,,,,
nba-2k22,75,80.0,,80,80.0,,85.0,,,,,,87.0,84.0,,,70.0,85.0,,,,,,,,,,,,,...,,,,,,,,,60.0,,,,70.0,,,,,67.0,,,,,,,,,85.0,,,,80.0,,,,,,,,,,,,,,,,,,,,,,,,,,,,,,,,,,,,,,,,,,74.0,,70.0,,,,,,75.0,,,,,,,,,,,,,,,,,,,,,,,,,,,,,,,60.0,,,,,,,,,,,,,,,,,,,,,,,,,,,,,,,,,,,,,
escape-academy,,80.0,80,,80.0,,,,,,,85.0,,,,,,,,,,,,,,,,,,,,89.0,,,,,,,,,,,,,,,,,,,,,,,,,,,,,,,,,,,,,60.0,,,,,,,,,,,,,,,,,,,,,,80.0,,,,,,,,,,,,,,,,,,,,,,,,,,,,,,80.0,,,,,,,,,,,,,,,,,,,,,,80.0,,,,,,,,,,,,,,,,,,,,,,,,,,,,,,,,,,,,,
sherlock-holmes-chapter-one,88,86.0,,60,80.0,,87.0,,,,,,78.0,,70.0,,80.0,75.0,75.0,70.0,,,,,80.0,,,,,,,,,,,,,,,,,,,,,,,60,,,,,,,,,,,,,,,,,,,,,,,,,,,,,,,,,,,,,,77.0,,,,,,,,70.0,,,,,,,,,,,80.0,,,80.0,,,,,,,,,,,,,,,,,,,,,,,,,,,,,,,,74.0,,,,,,,,,,,,,,,,,,,,,,,,,,,,,,,,,,,,100.0,,,,
powerwash-simulator,,,,80,80.0,,,,,,,,,,,,,,80.0,60.0,81,,85.0,,,,,,,,,77.0,,,,100.0,,,,,,,,,,80.0,,70,,,,,,,,,,,,,80.0,,,,,,,,,,,,,,,,,,,,,,,,,,,,,,,,,70.0,,,,,,,,,,,,,,,,,,80.0,,,,,,,,,,,,,,,,,,,,,65.0,,60.0,,,,,,,,,,,,,,,,,,,,,,,,,,,,,,,,,,,,,,,,,,,,,
gunfire-reborn,77,,,,70.0,,70.0,,,,,,80.0,,,,,,,,,80.0,,,,,,,,,,,,,,75.0,,,,,,,,60.0,,,,,,,,,,,,,,80.0,,,,82.0,,,80.0,,,,,,,,,,,,,,,,,,,,,,,,,,,,,,,,,,,,,,,,,,,,,,,,,,,,,,,,,,,,,,,,,,,,,,,,,,,,,,,,,,,,,,,,,,,,,,,,,,,,,,,,,,,,,,,,,,,
sonic-origins,,89.0,,70,90.0,,75.0,,,,,,,85.0,,,65.0,65.0,,,,,65.0,,,,,,,,,,,,,75.0,,,,,,,,,,,,,,,,,,,,,,,,,,,,,,,,,,,,,,,,,,,,,,80.0,,,,,,,,,,,,,,,,,,,,,,,,,,,,,,80.0,,,,,,,,,,60.0,,,,,,,,,,,,,,,,,,,,,,,,,,,,,,,,,,,,,,,,,,,,,,,,,,,,,,,,,,
call-of-the-sea,85,83.0,,,80.0,,80.0,75.0,,,,,75.0,78.0,,,80.0,65.0,,,,,,,,,,80.0,,,,,,,,,,,,,,,,60.0,,,,,,,75.0,,,80.0,,,,72.0,80.0,,,73.0,,,70.0,,76.0,,,,,,,,,,,,,90.0,75.0,85.0,70.0,,,,,,,,,,,,,,,,,,,80.0,75.0,,,65.0,,,,70.0,80.0,,,,,,...,,,,,,,...,,,,,,,,,80.0,60.0,,,,,,,,,,,,,,,,80.0,,,,,,,,,,,,,,,,,,,,,60.0,,,,,,,,,
asterigos-curse-of-the-stars,88,,,,70.0,,,,,,,,,75.0,,,,,70.0,,,,,,,,,,,,...,,,,,,,,,,,,,,,,,,,,,,,,,,,,,,,,,,77.0,,,,,,,,,,,,,,,,,,,,,,,,,,,,,,,,,,,,,,,,85.0,,,,,,,60.0,,,,,,,,,,,,,,,,,,,,,,,,,,,,,,,,,,,,,,,,,,,,,,,,,,,,,,,,,,,,,,,,,,,,
jojos-bizarre-adventure-all-star-battle-r,,,,,70.0,,,,,,80.0,,70.0,,,,80.0,70.0,75.0,,70,,,,,,,,,,...,,,,,,,,,,,,,,,,,,,,,,,,,,,,,,,,,,,,,,,,,,,,,,,,,,80.0,,,,,,,,,,,,,,,,,,,,,,,,,,,,,,,80.0,,,,,,,,,,,,,,,,,,,,,,,,,,,,,,,,,,,,,,,,,,,,,,,,,,,,,,,,,,,,,,,,,,,,
madison,62,95.0,,,80.0,,82.0,,,,,,80.0,60.0,,,,70.0,,,,,,,,,,,,,,,,,,,,,,,,,,,,,,,,,,,,,,,,,,,,,,,,,,,,,,,,,,,,,,,,,,,,,,,,,,,,,,,,75.0,,,,,,,,,,,,,,,,,,,,,,,,,,,,,,,,,,,,,,,,,,,,,,70.0,,,,,,,,,,,,,,,,,,,,,,,,,,,,,,,,,,,,
monster-energy-supercross---the-official-videogame-5,65,79.0,,,80.0,,72.0,,,,,,,,,,,70.0,80.0,,77,,,,,,,,,,,,,,,,,,,,,,,,,,,,,,,,,,,,,,,,,,,,,,,,,,,,,,,,,,,,,,,,,,,,,,,,,,,,,,,,,,,,,,,,,,,,,,,,,,,,,,,,,,,,,,,,,,,,,,,,,,,,,,,,,,,,,,,,,,,,,,,,,,,,,,,,,,,,,,,
evil-west,78,89.0,,60,80.0,60.0,75.0,,,,,80.0,,76.0,80.0,,,,80.0,,,,,,,,60.0,,,,...,,,,,,,,,,,,,,,,,,,,,,,,,,,,,,,,,,,,,,,,,,,,,,,,,,,,70.0,,,,,,,,,,,,,,,,,,,,,,,,,,,,,80.0,,,,,,,,,,,,,,,,,,,,,,,,,,75.0,,,,,,,,,,,,,,,,,,,,,,,,,,,,,,,,,,,,,,,,,,
you-suck-at-parking,50,79.0,...,,80.0,,,,,,,,,,,,,,80.0,80.0,80,,,,,,,,,,,,,,,,,,,,,,,,,70.0,,,,,80.0,,,,,,,,,,,,,,,,,,,,,,,,,,,,,,,,,,,,,,,,,70.0,,,,,,,,,,,,,,,,,,,,,,,,,,,,,,,,,,,,,,,,,,,,,,,,,,,,,,,,,,,,,,,,,,,,,,,,,,,,,,,,,,,,,,,,
echo-generation,,71.0,,80,80.0,,83.0,,,80.0,,,,,70.0,,,,,,,,90.0,67,,,,,70.0,,,,,,,,,,,,,,,,,,,,,,,,,,,,,,,,,,,,,,,,,,,,,,,,,,,,,,,,,78.0,,,,,,,,,,,,,,,,,,,,,,,,,,,,,,,,,,,,,,...,,,,,,,,,,,,,,,60.0,65.0,,,,,,,,,,,,,,,,70.0,,,,,,,,,,,,,,,,,,,,,,,,
isonzo,73,87.0,,80,60.0,,70.0,,,,,,74.0,75.0,,,,,,,,,,,,,,,,,...,,,,,,,,,,,,,,,,,,,,,,,,,,,,,,,,,,,,,,,,,,,,,,,,,,,,,,,,,,,,,,,,,,,,,,,,,,,,,,,,,,,,,,,,,,,,,,,,,,,,,,,,,,,,,,,,,,,,,,,,,,,,,,,,,,,,,,,,,,,,,,,,,,,,,
call-of-duty-vanguard,85,,60,70,80.0,,73.0,,,60.0,,,75.0,,,,87.0,,,,,,,,,,,,,,...,,,,,,,,,,,,,70.0,,,,,,,,,,,,,,,,,,,,,,,,80.0,,,,,78.0,,,,,,,,,,80.0,,,,,,,,,,,,,,,,,,,,,,,,,,,,,70.0,,,,,,,,,,,,,,,,,,,,,,,,,,,,,,,,,,,,70.0,70.0,,,,,,,,,,,,,,,,,,,,,,,,,,,,,,,
steelrising,82,80.0,80,80,80.0,,80.0,,,80.0,,60.0,,75.0,,,,75.0,,,76,,,,,,,,,,...,,,,,,,,,,,,,80.0,,,,60,,,,,,,,,,72.0,,,,,,,,,,,,,,70.0,,,,,,,,,,,,,,,,70.0,,,,,,,,,,,,,,,,,81.0,,,,,,,85.0,,,,,,,,,,70.0,,,,,,,,,,,,,,,,,,,,,,,,,,,,,,,,,,,,,,,,,,,,,,,,,,,,,,,,,,
assassins-creed-valhalla-dawn-of-ragnarok,,,,90,80.0,60.0,,,,,,,,76.0,,,80.0,75.0,,,,,75.0,,,,,,,,...,84.0,,,,,,,,,,,,,,,,,,,,,,,,,,,,,,,,,,,,,,,,,,,,,,,,,,,,,,,,,,,,,,60.0,,,,,,,,,,,,,,,,,,,,,,,...,,,,,,,,,,,,,,,,,,,,,,,,,,,,,,,,,,,,,,,,,,,,,,,,,,,,,,,,,,,,,,,
lost-in-random,,,,80,70.0,,91.0,,,,,,80.0,85.0,,,,80.0,,,,,,,,,,,,,,,,,,,,,,,,,,,,,,,,,,,,,,,,,,,,,,,,,,,60.0,,,,,,,,,,,,,,,,,,,,,,,,,,,,,,,,,,,,,,,,,,,,,,,,,,,,,,,,,,,,,,,,,,,,,,,,,,,,,,,,,,,,,,,,,,,,,,,,,,,,,,,,,,,,,,,
the-big-con,,79.0,,70,,,80.0,,,,,,,,80.0,,70.0,,,,,,,,,,,,,,,,,,,,,,,,,,,,,,,,,,,,,,,,,,,,,,,,,,,,,,,,,,,,,,,,,80.0,,,,,,,,,,,60.0,70.0,75.0,,,,,,,,,,,,,,,,,,,,,,...,,,,,,,,,,,,,,,,,,,,,,,,,,,,,,,,,,,,,,,,,,,,,,,,,,,,,,,,,,,,,,,
back-4-blood,,,80,80,80.0,,82.0,,60.0,,,65.0,82.0,80.0,80.0,,80.0,75.0,,70.0,,,,75,70.0,,,,,,,,,,,,,,50.0,80.0,,80.0,,80.0,,90.0,,,,60.0,,,,,80.0,,,,,80.0,,,65,,,,80.0,85.0,60.0,,60.0,,,,,,,,75.0,,,,70.0,70.0,,50.0,,,,,,,60.0,,75.0,,,,70,,,,,,,,,,,70.0,80.0,80.0,,90.0,,,...,,...,,,,,,,,,,,,,,85.0,,,,,,,,,,,,,,,,,,,,,100.0,,,,,,,,,,,,,,,,,,,,,,,,,,
sniper-ghost-warrior-contracts-2,75,85.0,,,80.0,,78.0,,,,,,,,,,,80.0,,70.0,,,,,,,,,,,...,,,,,,,,80.0,,,,,,,,,60,,,,,,,,,,,,,,,,,,,,,,,,,,,,,,,,,,,,,,,,,,,,,,,,,,,,,,,,,,,,,,,,,,,,,,,,,,,,,,,,,,,,,,,,,,,,,,,,,,,,85.0,,,,,,,,,,,,,,,,,,,,,,,,,,,,,,,,
white-shadows,,73.0,,,80.0,,,,80.0,,,,78.0,,,,,65.0,70.0,,,,,,,,,,,,,83.0,,,,,,,,,,,,,,,,,,,,,,,,,,80.0,70.0,,,,,,,,,,,,,,,,,,,,,,,,,,,,,,,,60.0,,,,,,,,,,,,,,,,,,,,,,,,,,,,,,,,,,,,,,,,,,,,,,,,,,,,,,,,,,,,,,,,,,,,,,,,,,,,,,,,,,,,,,,,,
submerged-hidden-depths,85,81.0,,,80.0,,70.0,,,,,,,,,,,65.0,65.0,,65,,,,,,,,80.0,,,,,,,,,,,,,,,,,,,,,,,,,,,,,,,,,,,,,,,,,,,,,,,,,,,,,,,,,,,,,,,,,,,,,,,,,,,,,,,,,,,,,,,,,,,,,,,,,,,,,,,,,,,,,,,,,,,,,,,,,,,,,,,,,,,,,,,,,,,,,,,,,,,,,,,
the-dark-pictures-anthology-house-of-ashes,,96.0,,,80.0,,78.0,,,,,,50.0,77.0,,,55.0,75.0,,,,,,,,,,,,,,,,,,,,,70.0,,,,,80.0,,,,,,,,,,,,,,,,,,,,,,,,80.0,,,,,,,,,,,,,,,,,,,,,,,,,,,,,,,,,,,,,,,,,,,,75.0,,,,,,,,,,,,,,,,,,,,,,,,,,,,,,,,,,,,,70.0,,,,,,,,,,,,,,,,,,,,,,,,,,,,,,,
nhl-22,96,,,70,70.0,,,,,,,,70.0,,,,,,,,,,,,,,,,,,...,,,,,,,,,,,,65,,,,,,,,,,,,,,,70.0,,,,,,,,,,,,,,,,,,,,,,,,,,,,,,,,,,,,,,,,,,,,,,,,75.0,,,,,,,,,,,,,,,,,,,,,,,,,,,,,,,,,,,,,,,,,,,,,,,,,,,,,,,,,,,,,,,,,,,,,,,,,,
jurassic-world-evolution-2,75,,,,90.0,,92.0,,,,,90.0,75.0,,80.0,,80.0,80.0,,,,,,,50.0,,,,,,,,,,,,,,,,,,,,,,,,,,,,,,,,,,,80.0,,,,,,,,,,,,,,,50.0,,,,,,,,,,,,70,70.0,,,,,80.0,,,,,,,,,30.0,,,,,,,,,,,,,,,,,,,,,,,,,,,,,,,,,,,,,,,,,,,,,,,,,,,,,,,,,,,,,,,,,,,,,,,,,,,,,,
ghostbusters-spirits-unleashed,75,,,,70.0,,68.0,70.0,,80.0,,,,65.0,80.0,,,,70.0,,,70.0,,91,,,,,,,...,,,,,,,,60.0,,,,,,,,,60,,,65.0,,,,,,,,,78.0,,,,,,,,,,,,,,,,,,,,,,,,,,,,,,,,,,,,,,,,,,,,,80.0,,,,,,,80.0,,,,,,,,,,,,,,,,,,,,,75.0,,90.0,,,,,,,,90.0,,,,,,,,,,,,,,,,,,,,,,,,,,,,,,,,,,,,,
tanuki-sunset,70,,,,70.0,,,,,,,,,,,,,,80.0,,,,,,,,,,,,,,,,,80.0,,,,,,,,,,,,,,,,,,,,,,,,,,,,,,,,,,,,,,,,,,,,,75.0,,,,,,,,,,80.0,,,,,,,,,,,,,,,,,,,,,,,,,,,,,,,,,,,,,,,,,,,,,,,60.0,,,,,,,,,,,,,,,,,,,,,,,,,,,,,,,,,,,,,,,,,,
outriders,67,,60,80,80.0,80.0,85.0,,,70.0,,,70.0,80.0,80.0,,50.0,75.0,,,,,,75,,,,,,,,,,,,,,,,65.0,,,,80.0,,,,,,,,,,,64.0,,,,,,,,85,,,75.0,,85.0,,,,,,,,,80.0,,,60.0,,,,,,45.0,,70.0,,,,80.0,,80.0,,,,,60,,,75.0,,62.0,83.0,,80.0,,,50.0,,75.0,,,,,,,,,,,,,,,,,,,,,,,,,,75.0,,,90.0,,,,,,,,,,85.0,,,75.0,,,,,,,,,,,,,,,,75.0,,85.0,,,,,,,,
assassins-creed-valhalla-wrath-of-the-druids,,,,,70.0,70.0,,,,70.0,,,,,,,,65.0,,70.0,,,85.0,83,,,,80.0,,,,89.0,,,,,,,,90.0,98.0,,,,,,,,,,,,,66.0,,,,,,,,,...,,,80.0,,,,,,,77.0,,,,,,,,,,60.0,,80.0,78.0,,,,,,70.0,,50.0,,,,,,,,,65.0,,,,,,,,,,,,,,...,,,,,,60.0,,,,,,,,,,,,,,,,,,,,,,,,,,,,85.0,,,,,,,,,,,,,,,,,,,,,,,,,,,,,
grid-legends,74,,,70,80.0,,87.0,,,,,70.0,75.0,82.0,70.0,,85.0,75.0,,,,,,,,,,,,,...,,,,,90.0,,,70.0,,,,,,,,,70,,60.0,,,,,,,,78.0,,,,,,,,,,,,,,,,,,,,,,,,,,,,68.0,,,,70.0,,,,,,,,,,,80.0,,,,80.0,,,,60.0,,,70.0,,,,,,,...,,,,,,,,,,,,,,,80.0,,,,,,,,,,60.0,,,,,,,,,,,,,,,,,,,,,,,,,,,,,,,,,,,,
mount-blade-ii-bannerlord,75,,,,70.0,,,,,,,,,,,,,,80.0,,80,,,,,,75.0,,,,...,,,,,,,,,,,,,,,,,,,,,,,,,,,,,,,,,,,,76.0,,,,,,,,,,,,,,,,,,,,,,,,,,70.0,,,,,,,,,,,,78.0,,,,,,,55.0,,,,,,,,,,,,,,,,,,,,,,,,,,,,,,,,,,,,,,,,,,,,,,,,,,,,,,,,,,,,,,,,,,,,
atomic-heart,,54.0,,70,,,90.0,,,70.0,,80.0,83.0,83.0,70.0,,70.0,70.0,,,84,,65.0,,,,,,,,...,,,,,,,,,,,,,,,,,80,,,,,,,,,,,,,,,65,,,,,,,,,,,,,,,80.0,,,,,40.0,,,,,,,,,,,60.0,,,,,,77.0,,,,,76.0,,,60.0,,,,90.0,,,,,,,...,,,,,,,,,,80.0,,,,,,,,,,,,,,,,,,,,,,,,,,,,,,,,,,,,,,,,,,,,,,,,,,,
farming-simulator-22,82,,,,80.0,,68.0,,,60.0,,,,75.0,,,65.0,75.0,,,,,,,,,,,,,,,,,,,,,,,,,,,,,,,,,75.0,,,,,,,,,,,,,,,,,,,,,,,,,,,,,,,,,,,,,,,,,,,,,,,,,,,,,,,,,,,,,,,,,,,,,,,,,,,,,,,,,,,,,,,,,,,,,,,,,,,,,,,,,,,,,,,,,,,,,,,,,,,,,,,,,
soulstice,82,63.0,,,70.0,,70.0,,,,,,80.0,78.0,,,,70.0,75.0,,85,,,,,,,,,,...,,,,,,,,,,,,,,,,,,,,,,,67.0,,,,70.0,,,,,,,,,,,,,,,,,,,,,,60.0,,,,,,,,70.0,,,,,,,,,,,,,,,,,77.0,,,,,,,65.0,,,,,,,,,,,,,,,,,,,,,,,,,,,,,,,,,,,,70.0,,,,,,,,80.0,,,,,,,,,,,,,,,,,,,,,,,,
lawn-mowing-simulator,75,80.0,,70,70.0,,,,,,,,,,,,,,,,,,,,,,,,,,,74.0,,,,,,,,,,,,,,,,,58.0,,,,,,,,,,,,,,,,,,,,,,,,,,,,,,,,,,,,,,,,,,,,70.0,,,,,,,,,,,,,,,,,,,75.0,,,,,,,,,,,,,,,,,,,,,,,,,,,80.0,,,,,,,,,,,,,,,,,,,,,,,,,,,,,,,,,,,,,,,,,
trek-to-yomi,80,83.0,,80,80.0,,85.0,,60.0,,,,,76.0,80.0,,75.0,70.0,60.0,70.0,75,,,,,,,,,,,,,,,,,,,75.0,,,65,70.0,,,,,,,,,,,,65.0,,,,,,,,,,,,75.0,,,,,,,,,,70.0,,,,,,60.0,,,,,,,,,,,,,,,,77.0,,,,,,,,,,,60.0,70.0,,,,,,,,,,,,,,,,,,,,,,,,,,,,90.0,,,,,,,,,,,,,,,,,,,,,,,,,,,,,,,,,,,,,,,,
thymesia,,75.0,,60,80.0,,82.0,,,,,85.0,70.0,82.0,,,,,60.0,,45,,,,,,,,,,...,,,,,,,,,,,,,,,,,,,,,,,,,,,,,,,,,,,,,,,,,,,,,,,,,,,,,,,,,,,,,,,,,,,,,,,,,,85.0,,,,,,,,,,,,,,,,,,,,,,,,,,,,,,,,,,,,,,,,,,,,,,,,,,,,,,,,,,,,,,,,,,,,,,,,,,,
monster-truck-championship,70,,,,70.0,,80.0,,,,,,,,,,,,,,,,,,,,,,,,,69.0,,,,,,,,,,,,70.0,,,,,,,80.0,,,,,,,,,,,,,,,,,,,,,,,,,,,,,,,,,,,69.0,,,,,,,,,,,,,,,,,,,,,,,,,,70.0,,,,,,,,,,,,,,,,,,,,,,,,,,,70.0,,,,,,,,,,,,,,,,,,,,,,,,,,,,,,,,,,,,,,,,,
hot-wheels-unleashed,,74.0,,,70.0,,85.0,,80.0,,,,,,60.0,,80.0,70.0,,,,,70.0,91,,,,,,,...,,,,,,60,,60.0,,,,40,,,,,90,83.0,,,,,,,,,,,,,,75,,,,,,,,80.0,,,,,,,,,,,,,,,70.0,,,,80.0,40.0,,,70.0,,,,,,,,,,,,75.0,,,,,,75.0,,,,,,,...,,,,,,,,,,,,,,,,,,,55.0,,,,,70.0,,,,,,,,,,,,,,,,,,,,,,,,,,,,,,,,,,,,,
twelve-minutes,,93.0,,80,80.0,,88.0,,,,,,,86.0,80.0,,,70.0,,,,,85.0,,70.0,85.0,,,,,,,40.0,,,65.0,,,90.0,,,,,,,,,,,,,,,,70.0,,,,,,65.0,,,80.0,90.0,80.0,,80.0,,,,,75.0,,,,,,,50.0,,,80.0,,,,,,,,,,,90.0,,,,,50,69.0,,,,,79.0,,60.0,,,50.0,,,,,,,,,,...,,,,,,,,,,,80.0,,,,,,,,,,,,,,,,,70.0,,,,40.0,,,,,,,,,,,,,,,,,,,,,,,,,,,,
lego-bricktales,,,,,80.0,,,,,,,,75.0,,,,70.0,,50.0,70.0,80,,,,,,,,,,,70.0,,,,,,,,,,,,70.0,,,,,,,,,,,,,,,,,,,,,,,,,,,,,,,,,,,,,,,,,,,,,,,,,,,,,,,,,,,,,,,,,,,,,,,,,...,,,,81.0,,,,,,,,,,,,,,,,,,,,,,,,,,,,,,,,,,,,,,,,,,,,,,,,,,,,,,,,,,,
destroy-all-humans!-2---reprobed,,90.0,,60,70.0,,75.0,,,,,,,75.0,,,65.0,75.0,85.0,70.0,69,,60.0,,,,,,,,...,,,,,,,,,,,,,,,,,,,,,,,,,,,78.0,,,,,,,70.0,,,,,,,,,,,,,,,,,,,,,,,,,,,,,,70.0,,,,,,,,,,,,,,,,,75.0,,,,,,,,,,,,,,,,,,,,,,,,,,60.0,,,,,,,,,,,,,,,,,,,,,,,,,,,,,,,,,,,,,,,,,,
evil-dead-the-game,,,,,60.0,,83.0,70.0,,80.0,,,75.0,74.0,,,70.0,75.0,80.0,,70,,80.0,,,,,,,,,,,,,,,,,,,,70,70.0,,,,80,,,60.0,,,,,,,,,60.0,,,70,,,65.0,,,,,,,,,,,,,,,,,,80.0,,,,,,,,,,60.0,,,,,,,,,,,71.0,,,,,,,85.0,,,,,,,,,,,,,75.0,,,,,,,,85.0,,,,,,,,,,,,,,,,,,,60.0,,,,,,,,,,,,,,,,,,,,,,,70.0,,,,,
sd-gundam-battle-alliance,,60.0,,,70.0,,70.0,,,,80.0,,65.0,,,,,70.0,,,70,,,,,,,,,,,,,,,,,,,,,,,,,,,,,,,,,,,,,,,,,,,,,,,,,,,,,,,,,,,,,,,,,,,,,,,,,,,,,,,,,,,,78.0,,,,,,,80.0,,,,,,,,,,,,,,,,,,,,,,,,,,,,,,,,,,,,,,,,,,,,,,,,,,,,,,,,,,,,,,,,,,,,
tom-clancys-rainbow-six-extraction,,,,70,80.0,,87.0,,,70.0,,80.0,85.0,,70.0,,55.0,80.0,,80.0,,,70.0,,80.0,,,,,,,,,,,70.0,,,70.0,,,,,60.0,,,,,,,,,,,55.0,,,,,73.0,,,,,,,,,70.0,,,,,,,,70.0,,,,,82.0,50.0,70.0,,,,,,,,70.0,,70.0,,,,90.0,70,78.0,,,,,82.0,,,,40.0,50.0,80.0,60.0,,,,,,,,,,,,,,,,,,,,,75.0,,,,,,,,,,80.0,,,,,,,,,,,,80.0,,,,,,,,,,,,,,,,,,,,,,,,,
nhl-23,88,,,60,80.0,,,,,70.0,,,80.0,,,,75.0,,,,80,,,,,,,,,,,,,,,,,,,,,,60,70.0,,,,,,,,,,,,,,,,,,,,,,,,,,,,,,,,,,,,,,,,,,,,,,,,,,,,,,,,,,,,,,60.0,,,,,,,,,,,,,,,,,,,,,,,,,,,,,,60.0,,,,,,,,,,,,,,,,,,,,,,,,,,,,,,,,,,,,,,,,,,,,
lake,73,88.0,,,,,68.0,,,,,,,89.0,,,60.0,65.0,,70.0,,,75.0,,,,,,,,,,,,,,,60.0,60.0,,,,,,,,,,,,,,,,,,,,,,,,,,,,,,,,,,,,80.0,,,,,,,,,,,,,,,,,,,,,,,,,,,,,,,80.0,,,,,60.0,,,,,,...,,,,,,,,,,,,,,,,,,,,,,,,,,,,,,,65.0,,,,,,,,,,,,,,,,,,,,,,85.0,,,,,,,,,,
pac-man-world-re-pac,,80.0,,70,70.0,,,,,,,,,,,,,,,,70,,,,,,,,,,,,,,,85.0,,,,,,,,,,,,,,,,,,,,,,,,,,,,,,,,,,,,,,,,,,,,,75.0,,70.0,,,,,,,,,,,,,,,,,,,,,,,,,,,,,,,,,,,,,,,,,,,,,,,,,,,,,,,,,,,,60.0,,,,,,60.0,,,,,,,,,,,,,,,,,,,,,,,,,,,,,,,
silt,80,80.0,,,80.0,,,,,,,,,66.0,,,80.0,,,,50,,,,,,,,,,...,,,,,,,,,,,,,,,,,,,,,,,,,,,,,,,,,,,,,,,,,,,,,70,,,,,,,,,,,60,,,,,,70.0,,,,,,,,,,,,,,,,,,,,,,,,,,,,,,,,,,,,,,,,,,,,,75.0,,,,,,,,,,,,,,,,,,,,,,,,,,,,,,,,,,,,,,,,,,
the-medium,95,85.0,80,60,90.0,,91.0,77.0,,80.0,,,85.0,93.0,70.0,,80.0,70.0,,,,,,,,,,85.0,,85.0,,75.0,,,60.0,,60,80.0,70.0,,80.0,,75,70.0,,100.0,,80,,60.0,85.0,,70.0,87.0,66.0,70.0,70.0,70.0,,,,,65,85.0,76.0,80.0,,,50.0,65.0,,,65.0,,,40,80.0,85.0,,50.0,,75.0,80.0,,50.0,62.0,30,70.0,80.0,,70.0,80.0,60.0,90.0,80.0,75.0,70.0,,60,83.0,88.0,75.0,,,,,60.0,,60.0,50.0,40.0,80.0,,,,,...,...,,...,,,80.0,,,,,,,83.0,,80.0,,60.0,55.0,,,75.0,,,,,,,,,70,60.0,,,,60.0,,,,80.0,76.0,,,,,,,,,,,,,,80.0,,,,,80.0,73.0,,,
sable,,73.0,,,80.0,,,,,70.0,,,,84.0,60.0,,75.0,70.0,,,,,,75,70.0,,,,,,,,,,,,80,,,,,,,,,,,70,,,,,,84.0,,,,,,,,,,,,,,,,,,,,,,50,,,,,,,,,,,70,,60.0,,,,,,,,,,,78.0,,,,,,,,80.0,,70.0,,,,90.0,,,,,,...,,,,,,,,,,,,,,,,,,,,,,,,,,,,,,,,,,,,,,,,,,,,,,,,,,,,,,,,,,,,
the-chant,,70.0,,,70.0,,,,,,,,70.0,73.0,,,55.0,,,,,,,,,,80.0,,,,...,68.0,,,,,,,70.0,,,,70,,,,,,,,,,,,,,,,,,,,,,,,,,,,,,,,,,,,,,,,,,,,,,,,,,,,,,,,,,,,,,77.0,,,,,,,75.0,,,,,,,,,,,,,,,,70.0,,,,,,,,,,,,,,,,,,,,,,,,,,,,,,,,,,,,,,,,,,,,,,,,,,,,
nickelodeon-all-star-brawl,,70.0,,50,80.0,,78.0,,,70.0,,,,65.0,,,,70.0,,,,,70.0,,,,,,,,,,,,,,,,,,,,,,,,,,,,70.0,,,,,,,,73.0,,,,,,,,,,,,,,,,,,,,,,,,,,,,,,,,70.0,,,,80.0,,,,,,,,,,,,,,,,,,,,,,,,,,,,,,,,,,,,,,,,,,,,,,,,,,,,,,,,,,,,,,,,,,,,,,,,,,,,,,,,,,,,,
destiny-2-beyond-light,,,,,,,,,,,,,,,,,,75.0,,70.0,,,,,,,,,,,,,,,,,,,,,,,,,,,,70,,,,,,,65.0,,,,,,,,,,,,,,,,,,,,,,,,,,,,,,,,,,,,,,,,,,,,,,,,65.0,,,,,,,,,,,,,,,...,,,,,75.0,,,,,,,,,,,,,,,,,,,,,,,,,,,,80.0,,,,,,,,,,,,,,,,,,,,,,,,,,,,,
madden-nfl-22,,63.0,,,80.0,,77.0,,80.0,80.0,,,70.0,78.0,,,,70.0,,,,,,67,,,,,,,,85.0,,,,,,,60.0,,,,,70.0,,,70.0,60,,,75.0,,,,,,,70.0,,70.0,,,,,,,,,,,,,,,,,,,,,,,,,50.0,,,,,,,,,,65.0,,,,,,,,,,,,80.0,,,,,,,,,,,,,,,,,,,,,,,,,,,,,,,,,,,,60.0,,,,,,,,,,,,,,,,,,,,,,,,,,,,,,,,,,,,,
immortals-fenyx-rising-a-new-god,,,,,60.0,,90.0,,,,,,,,,,,70.0,,70.0,,,,,,,75.0,,,,,,,,,,,,,,,,,,,,,,,,,,,75.0,,,,,,,,,,,,,,,,,,,,,,,,,,,,,,,,,,,,,,,,60.0,,,,,,,,,,,,,,,,,,,,,,,,,,,,,,,,,,,,,,,,,,,,,,,,,,,,,,,,,,,,,,,,,,,,,,,,,,,,,,,,,,,,,,
the-gunk,,73.0,,,90.0,,75.0,78.0,70.0,90.0,,75.0,,81.0,,,75.0,65.0,60.0,80.0,,,70.0,,70.0,,,,,,,69.0,,,,,,,,,,,,90.0,,,,,,,60.0,,,72.0,58.0,,,70.0,74.0,70.0,,65.0,,,,,75.0,,70.0,65.0,,,,,,60,,,,70.0,,72.0,60.0,,,65.0,,,,,,,80.0,,,70.0,,,,,,65.0,60.0,,,,,60.0,,,,,,,,,...,,,,,,,...,,,,,,,,,,40.0,,,,,,,,,70.0,,,,,80.0,,,,,,,70.0,,,,,,,,,,,,,,,,75.0,,,,,,,,,
the-callisto-protocol,,75.0,60,60,70.0,,92.0,80.0,,90.0,,,85.0,70.0,,,80.0,75.0,80.0,,59,,60.0,,,,,,,,...,,,60,,,60,,60.0,,,,,,,,,,,,,,,,,,,,,,,,,,70.0,,,,,,,,,,,,,,,,,70.0,70.0,,,87.0,,,,,,,,50.0,,,,,60,,,,,,88.0,,,,70.0,,,70.0,,,,,,,,...,,,,,,,60.0,,,,,,80.0,,40.0,,,,,,,,80.0,,,,,,,,,,,,,,,,,,,,,,,,,,,,,,,,,,,80.0,,
aliens-fireteam-elite,63,,,70,90.0,50.0,70.0,,,80.0,,70.0,,72.0,60.0,,60.0,,,,,,,...,,,,,,,,80.0,,,,,,,,,,,,,,,70.0,,,,,,,,,,,68.0,,65.0,,,,,,,,,,,,,,,,,,,,,,,,,,,,,,,,,,80.0,,,,,,,,,,,80.0,,,,,60.0,,75.0,,,,,,,,,,,,,,,,,,,,,75.0,,65.0,,,,,,,,,,,,,,,,,,,,,,,,,,,,,,,,,,,,,,,,,,,,,
madden-nfl-23,,30.0,,,80.0,,80.0,,70.0,80.0,,70.0,80.0,80.0,,,,70.0,,,70,,,83,,,,,,,,,,,,,,,,,,,,,,,,70,,,,,,,,,,72.0,,,,,65,,,75.0,,,,,,,,,,,,,,,,,,,,,,,,,,,,70.0,80.0,,,,,,,,,,,65.0,60.0,,40.0,,,75.0,,,,,,,,,,,,,,,,,,,,,,,,,,,,,,,,75.0,,,,,,,,,,,,,,,,,,,,,,,,,,,,,,,,,,,,
bright-memory-infinite,85,80.0,,60,70.0,,65.0,,,,,,70.0,65.0,70.0,,80.0,,70.0,60.0,68,,,,,,,,,,...,,,,,,,,,,,,,,,,,,,,,,,,,,,75.0,,,,,,,,,,,,,,,,,,,,,,,,,,,,,,,,,,,,,,,,,,,,,,,,,,,,,,75.0,,,,,,,,,,,,,50.0,,,,,,,,,,,,,,,,,,,,,,,,,,,,,,,,,,,,,,,,,,,,,,,,,,,,,,,
assassins-creed-valhalla-the-siege-of-paris,,,,,70.0,,,,,,,,,75.0,,,,70.0,,,,,70.0,,,,,,,,,,,,,,,,,,,,,70.0,,,,60,,,,,,,,,,,,,,,,,,85.0,,,,,,,,,,,,,,,,,,,,,,,,,,,,,,,,,,,,,,,,,,,,,,,,,,,,,,,,,,,,,,,,,,,,,,,,,,,,,,,,,,,,,,,,,,,,,,,,,,,,,,,,,,,,,,,,,,
serial-cleaners,80,80.0,,,,,67.0,,60.0,,,,72.0,61.0,,,,,,,,,,,60.0,,,,,,,,,,,,,,,,,,,,,,,,,,,,,,,,,,,,,,,,,,,,,,,,,,,,,,,,,,,,,,,,,,,,,,,,,,,,,,,,,,,,,,,,,,,,,,,,,,,,,,,,,,,,,,,,,,,,,,,,,,,,,,,,,,,,,,,,,,,,,,,,,,,,,,,,,,,
kao-the-kangaroo,,,,70,70.0,,,,,,,,,,,,60.0,70.0,60.0,,78,,,,,,,,60.0,,...,83.0,,,,,,,,,70.0,,,,,,,,,,,,,,,,,80.0,,60.0,,,,,78.0,,69.0,,,,,,,,,,,,,,,,,,,,,,,,,,,,,,,,,,,,70.0,,,,,,70.0,,,,,,,,,,,,72.0,,,,,,,,,,,,,,,,,,,,,,60.0,,,,,,,,,,,,,,,,,,,,,,,,,,,,,,,,,,,,,
last-stop,,97.0,,,70.0,,75.0,,,,,,,,,,,65.0,,,,,,,70.0,,,,,,,,,,,,,,,,,,,,,,,60,,,,,,,,,,,,,,,,,,,,,,,,,,,,,,,,,,65.0,,80.0,,,,,,,,,,,,,,,,,,,,55.0,,,,,,,,,,,,,,,,,,,,,,,,,,,,,,,,,,,,,,,,,,,,,,,,,,,,,,,,,,,,,,,,,,,,,,,,,,,,
somerville,,72.0,,60,90.0,,80.0,,60.0,,,,79.0,,60.0,,,,,,70,,,,60.0,,,,,,...,,,,,,,,,,80.0,,80,70.0,,90.0,,,83.0,,,,,,,,,,70.0,,,,85,,,,,,,,,,,,,50,,,,,,,,60.0,,,,,,,,,,60.0,,,,,60,,,65.0,,68.0,,,,,,,60.0,,,,,,...,,,,,60.0,,,,,,,,,70.0,,,,,,,,,,,,,,,,,85.0,,,,,,,,,,,,,,,,,,,,,,,,,,,,,,,,
the-ascent,,69.0,,,80.0,70.0,88.0,,,70.0,,,80.0,88.0,60.0,,65.0,80.0,,,,,,91,60.0,,,,60.0,,...,,,,,,,,,,,,,90.0,,,50.0,70,58.0,,,,,,71.0,90.0,,75.0,,,75.0,,,,,,,,,,,,72.0,,,30,,,,,,75.0,,60.0,,,,,,,70.0,,70.0,60.0,,,,,,,,,70.0,,,,,,,50.0,,85.0,,,,,,,,,,,85.0,,,,,,,,,,,,,,,,,,,,,,,,,70.0,80.0,,,,,,,,,,,,,,,,,,,,,,,,,,,,,,,
dakar-desert-rally,,90.0,,,70.0,,75.0,,,,,,70.0,,,,,75.0,,,,,,,,,,,,,...,,,,,,,,,,,,,,,,,50,,,,,,,,,,,,,,,,,,,,,,,,,,,,,,,,,,,,,,,,70.0,,,,,,,,,,,,,,,,,,,,,,,,,,,,,,,,,,,,,70.0,,,,,,,,,,,,,,,,,,,,,,,,,,,,,,,,,,,,,,,,,,,,,,,,,,,,,,,
elex-ii,75,83.0,,,70.0,70.0,65.0,,,,,,75.0,65.0,,,,,50.0,,,,,58,90.0,,,,,,...,,,,,,,75.0,,,,,,,,,,,67.0,,,,,,,,,,,,,,,,,,,,,,,,,40.0,,,,70.0,,,,,90.0,50.0,,,,,,,,,,,80.0,,,,,,,,,,81.0,75.0,,,,,,30.0,,,,,,,,,,,,,,,,,,,,,,,,,,,,,,,,,,,,,,,,,70.0,,,,,,,,,,,,,,,,,,,,,,,,,,,
high-on-life,95,,60,40,80.0,,80.0,65.0,70.0,,,90.0,77.0,83.0,,,60.0,,85.0,,90,75.0,30.0,83,,,,,,,...,72.0,,,,,,80.0,,80.0,80.0,,,,,,,80,,,,,,75.0,73.0,,,,76.0,58.0,,75.0,75,,80.0,75.0,70.0,,50.0,,,80.0,67.0,,60.0,50,,,,50.0,,,,70.0,,,,70.0,,,,,,,,,,75.0,,,,,55.0,77.0,,,,40.0,,,40.0,90.0,,,,,...,...,,...,,,,,,,,,,,,,,,,,,,,,,,,70.0,,,,30.0,,,,,,,,,,,,,,,,50.0,,,,,,,,,80.0,,,,,,,
loot-river,70,,,,70.0,,,,,,,,76.0,,,,,,,80.0,78,,,,,,,,,,,,,,,,,,,,,,,,,,,,,,,,,,,,,80.0,,,,,,,,,,,50.0,,,,,,,,,,,,,,,,,,,,,,,,,,,,,,,,,,,,,,,,,,,,,,,,...,,,,60.0,,,,,,,,,,,,,,,,,,,,,,,,,,,,,,,,,,,,,,,,,,,,,,,,,,,,,,,,,,,
shredders,,,,70,80.0,,,60.0,80.0,70.0,,,70.0,68.0,,,,70.0,80.0,60.0,74,,,,30.0,,,,,,...,,,,,30.0,,,,,70.0,67.0,80,,45.0,60.0,,,,,80.0,,,,,,,70.0,65.0,,,74.0,,,,,68.0,,,,,,,,,,,,,,70.0,,,,,,,,,,,,60.0,,,,,60.0,,,,,,,80.0,,,60.0,,,,,,,,,,,,,,,,,70.0,,,,,,,,,,,,,,,,,,,,,,,,,,,,,,,,,,,,,,,,,,,,,,,,,,,,,,,
stranger-of-paradise-final-fantasy-origin,,,,,60.0,,68.0,,,50.0,,,67.0,63.0,,,,75.0,,,,,,,,,,,,,...,,,,,,,,,,,,,,,,,,,,,,,,,,,,,,,,,,,,,,,,,,,,,,,,,,,,,,,,,,,,80.0,,,,,,,,,,,,,,,,,,,,,,,,,,,,,,,,,,,,,,,,,,,,,,,,,,,,,,,,,,,,,,,,,,,,,,,,,,,,,,,,,,,,,,,,,
saints-row,,73.0,40,40,80.0,60.0,83.0,,,70.0,,,60.0,69.0,70.0,,60.0,75.0,55.0,,83,,60.0,,,,,,,,...,,,,,75.0,,,,70.0,,,40,,,60.0,,,,,,,,,70.0,,,78.0,,85.0,,,70,,,,,,,,,,60.0,,,,,,,,,,50.0,,,54.0,70,60.0,,,50.0,,,,,,,70.0,,,,80.0,80.0,,,,,60.0,,,60.0,50.0,,,,,,,,,,,,,,,40.0,,,,,,,,,,,60.0,,,,,70.0,,,,,,,,,,,,,,,,,,,,,,,,70,,,,,,,,,,,,,
resident-evil-village-winters-expansion,,,,,,,,,,70.0,,,,,,,,65.0,70.0,,,,,,,,,,,,,,,,,,,,,,,,,,,,,50,,,,,,,,,,,,,,,,,,,,,,,,,,,,,80.0,,,,,,,,,,,,,,,,,,,,,,,,,,,,,,,,,,,70.0,,,,,,,,,,,,,,,,,,,,,,,,,,,,80.0,,,,,,,,,,,,,,,,,,,,,,,,,,,,,,,,,,,,,,,,
the-falconeer,80,,,,70.0,60.0,,64.0,,60.0,,70.0,75.0,70.0,70.0,,,,,,,,,50,,,,70.0,,,,,,,,80.0,,,,,70.0,,,,,50.0,,,,,85.0,,,65.0,,,,,72.0,,,70.0,,,,,75.0,,50.0,,,,67.0,,,70,,,,,70.0,65.0,,,,,,,,,,,,,,,,,,,,,60.0,50.0,,70.0,,,,60.0,60.0,,,,,,...,,,,,,,65,,,,,,63.0,,,,,,,,,,,,,,,,,,,,60.0,60.0,,,,,,,,,,,,,,,,,,,,,,,,,60.0,,,,
martha-is-dead,,90.0,,,90.0,70.0,71.0,75.0,40.0,,,70.0,95.0,75.0,80.0,,,75.0,60.0,,,,,,,,,,,,...,,,,,30.0,,60.0,,,,,,60.0,,,,,,80.0,75.0,,,,,,,,,60.0,,,40,,75.0,,,,40.0,,,,,,,70,80.0,,,,,,,,,,,,,,,50.0,,,,,,,,,,,,,,,,,,60.0,,,,,,,,,,,,,,,,,,,,,,,75.0,,,,,,,,,,,70.0,,,,30.0,,,,,,,,,,,,,,,,,,,,,,,,,,,,,,,,
industria,,80.0,,40,80.0,,,,,,,,,,,,,,70.0,,,,,,,,,,,,,,,,,,,,,,,,,60.0,,,,,,,80.0,,,60.0,,,,,,60.0,,,,,,,,,,,,,,,,,,,,,,,,,,,,,,,,,60.0,,,,,,,,,,,,,,,,,,,,,,,,,,,,,,,,,,,,,,,,,,,,,,,,,,,,,,,,,,,,,,,,,,,,,,,,,,,,,,,,,,,,,,,
scorn,,,,,70.0,,68.0,78.0,,,,60.0,,78.0,,,65.0,,,,,78.0,,,,,,,,,,,,,,,,40.0,70.0,,,,,,,,,,,,,,,,,,,,,,,,,,80.0,75.0,,,,,,80.0,,,,,,,,,,,,70.0,,,,,,,,,,,,,,,,69.0,,,,,,,,,,,,,,,,,,,,,,70.0,,,,,,,,,,,,,,,,,,,,,,,,,,,,,,,,,,,,,,,,,,20.0,,,,,,,,,,,,,,,,
gotham-knights,,80.0,60,80,80.0,,78.0,,,,,,75.0,60.0,70.0,,78.0,80.0,70.0,,84,,,,60.0,,,,,,...,,,,,,,,,,,,40,,,,,50,,,,,,,,,,,,,,,,,,,82.0,,,,,,,,,,,,,,,,70.0,,,40.0,80,70.0,,,,,,40.0,,,,75.0,,,,,50.0,,76.0,,,,70.0,,,90.0,,,,,...,,,,,,,...,80.0,,,,,,,,,,,60.0,,,,,,,70.0,,,,,,,,,,,,,,,,,,,,,25.0,,,,,,,,,,,,,,,,
greak-memories-of-azur,60,73.0,,,70.0,60.0,82.0,,,,,,74.0,,,,55.0,,,,,,,,60.0,,,,,,...,,,,,,,,,,,,,,,,,,,,,,,,,,,,,,,,,,,,,,,,,,,,,,,,,,,,,,,,,,,,,,,,,,,,,,,,,,,,,40.0,,,,,,,,,,,,,,,,,,,,,,,,,,,,,,,,,,,,,,,,,,,,,,,,,,,,,,,,,,,,,,,,,,,,,,,,
dynasty-warriors-9-empires,,60.0,,,50.0,,71.0,,,,,,,,,,,,85.0,,,,,,,,,,,,...,,,,,,,,,,,,,,,,,,,,,,,,,,,55.0,,,,,,,,,,,,,,50.0,,,,,,,,,,,,,,,,,,,,,,,,,,,,,,,,,74.0,,,,,,,,,,,,,,,,,,,,,,,,,,,,,,,,,,,,,,,,,,,,,,,,,,,,,,,,,,,,,,,,,,,,,,,,,,,
battlefield-2042,,80.0,,70,70.0,,70.0,,,,,,70.0,80.0,60.0,,,,,,,,,,80.0,,,,,,,,,,,,,,,,52.0,,,70.0,,,,,,,60.0,,,,,,,,,,,,,,,,,,,,,,,,,,,,,,,,,40.0,,,,,,70.0,40.0,,,,,,,,40,,,,,,,,,,,,,,,,,,,,,,,,,,,,,,,,,,58.0,,,,,,,,,,,,,,,,,,,,,,70.0,,,,,,,,,,,,,,,,,,,,,,,,,
vampire-the-masquerade---swansong,55,71.0,,60,70.0,,75.0,,,,,,,60.0,,,50.0,75.0,50.0,,50,,30.0,,,,,,,,...,,,,,,,,,,,,,,,,,,,,,,,,,,,,,,,,,,,,,,,,,,,,,,,,,,,,,,,,,,,,,,,,,,,,,,,,,,89.0,,,,,,,75.0,,,,,,,,,,,,,,,,,,,,,,,,,,,,,,,,,,,,,,,,,,,,,,,,,,,,,,,,,,,,,,,,,,,,
hood-outlaws-legends,,61.0,,,70.0,,,,,,,,68.0,70.0,,,45.0,,,,,,,,,,,,,,,,,,,,,,,,,,,,,,,60,,,,,,,,,,,,,,,,,,,,,,,,,,,,,,,,,,,,,,,,60.0,,,50.0,,,,,,,,,,,,,,,,,,,,,,,,,,,,,,,,,,,,,,,,,,,,,,,,,,,,80.0,,,,,,,,,,,,,,,,,,,,,,,,,,,,,,,,,,,,,
sonic-frontiers,,,,80,80.0,,73.0,,,70.0,,,,,,,65.0,,,,60,,70.0,,60.0,,,,,,...,,,,,,,,,,,,,,,,,,,,,,,,,,,,,,,,,,,,,,,,,,,,,,,,,,,,,,,,,,,,,,,,,,,,,,,,,,70.0,,,60.0,,,,,,,,,,,,,,,,,,,,80.0,,,,,,,,,,,,,,,,,,,,,,,,,,,,,,,,,,,,15.0,,,,,,,,,,,,,,,,
monster-energy-supercross---the-official-videogame-4,44,73.0,,,60.0,,67.0,,,,,,,,,,,75.0,,70.0,,,,,,,,,,,,,,,,,,,,,,,,,,,,60,,,,,,,,,,,,,,,,,,,,,,,,,,,,,,,,,,,,,,,,,,,,,,,,,,,40,,,,,,,,,,,,,,,,,,,,,,,,,,,,,,,,,,,,,,,,,,,,,,,,,,,,,,,,,,,,,,,,,,,,,,,,,,,,,,,,,
fatal-frame-maiden-of-black-water,,72.0,,60,60.0,,60.0,,,,,,65.0,65.0,,,,60.0,,,,,40.0,,,,,,,,,,,,,,,,,,,,,,,,,,,,,,,,,,,,,,,,,,,,,,,,,,,,,,,,,,,,,,,,,,,,,,,,,,,,,,,,,,,,,,,,,60.0,,,,,,,,,,,,,,,,,,,,,,,,,,,,,,,,,,,,,,,,,,,,,,,,,,,,,,,,,,,,,,,,,,,,
last-days-of-lazarus,53,,,,60.0,,,,,,,,,,,,,,70.0,,,,,,,,,,,,,,,,,55.0,,,,,,,,,,,,,,,,,,,,,,,,,,,,,,,,,,,,,,,,,,,,,,,,,,,,,,,,,,,70.0,,,,,,,,,,,,,,,,,,,,,,,,,,60.0,,,,50.0,,,,,,,,,,,,,,,,,,,,,,,,,,,,,,,,,,,,,,,,,,,,,,,,,,,,,,,
wanted-dead,70,40.0,,40,80.0,,63.0,,,,,,68.0,65.0,60.0,,50.0,,,,30,,,67,,,,,,,...,,,,,,,,,,,,,80.0,,,,,,,,,,,,,,,,,,,,,,,,,,,,,,,,,50.0,,,,,50.0,,,,,,,,,,,,,,,,,,,,,,,,,,,,,,45.0,,,,,,,,,,,,,70.0,80.0,,,,,,,,,,,,50.0,,,,,,,,,,,,,,,,,,,,,,,,,,,,,,,,70.0,,,,,,,,,70.0,
matchpoint-tennis-championships,77,,,60,50.0,,60.0,,,,,,65.0,68.0,,,,,,,,,,,,,,,,,,,,,,,,,,,,,,,,,,50,,,,,,,,,,60.0,,,,60.0,,,,,,,,,,,,,,,,,,,,,,,,,,,,,,,,,,,,,,,,,,,,,,,,,,,,,,,,,,,,,,,,,,,,,,,,,,,,,,,,,,,,,,,,,,,,,,,,,,,,,,,,,,,,,,,,,,,,,,
recompile,63,90.0,,,60.0,,,,,,,,,,,,,,,,,,,,50.0,,,,,,,,,,,,,,,,,,,,,,,60,,,,,,,,,,,,,,,,,,,,,50.0,,,,,,,,,,,,,,,,,,,,,,,,,,,,,,,,,,,,,,,,,,,50.0,,,,,,,,,,,,,,,,,,,,,,,,,,,,,,,,,,,,,,,,,,,,,,,,,,,,,,,,,,,,,,,,,,,,
dungeons-dragons-dark-alliance,72,,,70,70.0,,63.0,,,,,,,,90.0,,55.0,55.0,,,,,60.0,,,,60.0,,,,,68.0,,,,,,,,,,,,,,,,40,83.0,,,,,,,,,,,60.0,,,,,,,,,,,,60.0,,,,,,,,,,,,,,30.0,,,,,,,,,,,,,,,,,,,,,,,,,,70.0,,,,,...,,,,,,,,,,,,,,,,,,,,,,,,,,,,,,,,,,,,,,,,,,,,,,,,,,,,,,,40.0,,,,,,,,
override-2-super-mech-league,60,68.0,,,60.0,,,,,,,,,,,,,,,,,,,,,,,,,,,,,,,,,,,,,,,60.0,,,,,,,,,,,,,,,,,,,,,,,,,,,,,,,,,,60.0,,,,,,,,,,,,,,,60.0,,,,,,,,,,,,,,,,,,,,,,,,,,,,,,,,,,,,,,,,,,,,,,,,,,,,,,,,,40.0,,,,,,,,,,,,,,,,,,,,,,,,,,,,,,
werewolf-the-apocalypse---earthblood,,63.0,,60,60.0,,72.0,,,,,,,77.0,,,55.0,35.0,,,,,,,,,,65.0,,,,,,,,65.0,,,40.0,,60.0,,,40.0,,,,,75.0,,,,,,,,,,,,,,,,,,,,,,,,,,,,,,,,,,,,,,,,,,50.0,,,,,,,,,,,,,,70.0,,,,,,,55.0,,,,,,,,,,,,,,,,,,,,,,,,,,30.0,,,,,,,,,,70.0,,60.0,50.0,,,,60.0,,,,,,,,,,,,,,,,,,,,,,,,,55.0
dolmen,50,53.0,,,50.0,,69.0,,,,,75.0,,,,,,60.0,,,40,,,,,,,,,,...,,,,,,,,,,,,,,,,,,,,,,,,,,,50.0,,,,,,,,,,,,,,,,,,,,,,,,,,,,,,,,,,,,,70.0,,,,,,,,,,,55.0,,,,,,55.0,,,,,,,,,,,,,,,,,,,,,,,,,,,,,,,,,,,,,,,,,,,,,,,,,,,,,,,,,,,,,,,,,,,,
necromunda-hired-gun,,74.0,,,,,60.0,,,,,,45.0,60.0,,,,50.0,,,,,,,,,,,,,...,,,,,,,,,,,,,,,,,50,,,,,,,,,,,,,,,,,,,,,,,,,,,,,,,,,,,,,,,,,,,60.0,,,,60.0,,,,,,,,,,65.0,,,,,,,65.0,,,,,,,...,,,,,,,,,,,,,,,,,,,,,,,,,,,,,45.0,,,,,,,,,,,,,,,,,,,,,,,,,,,,,,,,
mx-vs-atv-legends,36,68.0,,60,40.0,,60.0,,,,,,75.0,,,,,,70.0,,55,,,,50.0,,,,,,,,,,,,,,,,,,,,,,,,33.0,,,,,,,,,,,,,,,,,,,,,,,,,,,,,,,,,,,,,,,,,,,,,,,,,,,,,,,,,,,,,,,50.0,,,,,,,,,,,,,,,,,,,,,,,,,,,,,,,,,,,,,,,,,,,,,,,,,,,,,,,,,,,,,75.0,,,,,,,
gungrave-gore,,69.0,,70,50.0,,75.0,,,,,,,,80.0,,40.0,,,,60,,,,,,,,,,...,,,,,,,,,,,,,50.0,40.0,,,,25.0,,,,,,,,,50.0,,,,,,,,,,,,,,,,,,,,,,,,,,,,,,60.0,,,,,,,,,,,,,,,,,,,,,,,,60.0,,,,,,,,,,,,,40.0,,,70.0,,,,,,,,,,,,,,,,,,,,,,,,,,,,,,,,,,,,,,,,,,,,,,,,,,,,
grand-theft-auto-the-trilogy---the-definitive-edition,,,,,,,,58.0,,,,,65.0,60.0,,,60.0,70.0,,50.0,,,,,,,,,,,,,,,,,,,,,,,45,60.0,,,,,,,,,,,,,,,,,,,,,,,,,,,,,,,,,,,,,,60.0,40.0,,,,,,,,,,,,,,,,,,,40.0,,,,,,,,,,,,,,,,,,,,,,,,,,,,,,,,,,,,,,,,,,,,,,,,,,,,,,,,,,,,,,,,,,,,,,,,,,,,,,
bright-memory,56,68.0,,,60.0,,70.0,65.0,50.0,,,,65.0,56.0,,,,,,50.0,,,,...,,,,68.0,,,,55.0,,,,,,,,,,,,50.0,,,,,,,50.0,,,,,,,,,,,55.0,70,,,,,,,,,,43.0,,,50,,60.0,,50.0,,,20.0,70.0,,,,,,,30.0,,,,,,,,,,,,70.0,,,40.0,,,,,,,,,,,,,,,,,,65,,,,,,67.0,,,,,40.0,,,,70.0,,,,,,,,,,,60.0,,,,,,40.0,,,,,,,,,,,,,,,,,,,,,55.0,,,
dragon-ball-the-breakers,,,,,50.0,,60.0,,,60.0,,,50.0,60.0,,,,,,,,,,,,,,,,,,,,,,,,,,,,,,,,,,,,,,,,,,,,,,,,,,,,,55.0,,,,,,,,,,,,,,,,,,,,,,,,,,,,,,,,,,,,,,,,,,,,,,,,,,,,,,,,,,40.0,,,,,,,,,,,,,,,,,,,,,,,,,,,,,,,,,,,,,,,,,,,,,,,,,,,,,,,
the-last-oricru,50,,,,70.0,50.0,72.0,,,,,,,70.0,,,,,55.0,,,,,,40.0,,,,,,,,,,,,,,,,,,,,,,,,,,,,,,,,,,,,,,,,,,,,,,,,,,,,,,,,,,,,,,,,,,,,,,,,,,,,,,,,60.0,,,,,,,50.0,,,,,,,,,,,,,,,,,,,,,,,,,,,,,,,,,,,,,,,,,,,,,,,,,,,,15.0,,,,,,,,,,,,,,,,
balan-wonderworld,,50.0,,30,,,72.0,,,,,,,53.0,,,30.0,45.0,,,,,,,,,,,,,,,,,,,,,,,,,,,,,,,,40.0,,,,,,,,,,,,,,,47.0,,,,50.0,,,,,,,,,,,,,,,,,,,,,,,,,,,,,,,,,,,,,,,,,,,50.0,,,,,,,,,,,,,,,,,,,,,,,,,,,,,,,,,,,,,,,45.0,,,,,,,,,,,,,,,,,,,,,,,,,,,,,
crossfirex,,33.0,,,40.0,,50.0,,,40.0,,50.0,65.0,,,,,,,,,,,,,,,,,,,60.0,,,,45.0,,,,,50.0,,,40.0,,,,...,,,40.0,,,,30.0,,,40.0,,,,,,,,,,,30.0,,,,,,,,,,,,25.0,,10.0,,,,,40.0,,,,,,,35.0,,,,,,,,,,,,,40.0,,,,30.0,,,,,,,,,,,,...,,,,,,30.0,,,,,,,,,,,,,,,,,,,,,,,,,,,,,,,,,,,,,,,,,,,,,,,40.0,,,
